Kind,Name,CountClassCoupled
Public Class,"br.udesc.ceavi.pin.infosaude.control.CampanhaControl",5
Public Class,"br.udesc.ceavi.pin.infosaude.control.EnderecoControl",4
Public Class,"br.udesc.ceavi.pin.infosaude.control.InstituicaoControl",4
Public Class,"br.udesc.ceavi.pin.infosaude.control.PessoaControl",11
Public Class,"br.udesc.ceavi.pin.infosaude.control.ProfissionalControl",3
Public Class,"br.udesc.ceavi.pin.infosaude.control.PublicoAlvoControl",3
Public Class,"br.udesc.ceavi.pin.infosaude.control.UsuarioControl",3
Public Class,"br.udesc.ceavi.pin.infosaude.control.VacinaControl",9
Public Interface,"br.udesc.ceavi.pin.infosaude.control.dao.ConexaoJDBC",0
Public Class,"br.udesc.ceavi.pin.infosaude.control.dao.ConexaoPostgresJDBC",0
Public Class,"br.udesc.ceavi.pin.infosaude.control.excecpton.DadosVaziosExcepitions",0
Public Class,"br.udesc.ceavi.pin.infosaude.control.excecpton.IdadeMaximaMenorQueIdadeMinimaPublicoAlvoException",0
Public Class,"br.udesc.ceavi.pin.infosaude.control.excecpton.LoginJaRegistradoNaBaseDeDadosException",0
Public Class,"br.udesc.ceavi.pin.infosaude.modelo.Campanha",1
Public Class,"br.udesc.ceavi.pin.infosaude.modelo.Carterinha",4
Public Class,"br.udesc.ceavi.pin.infosaude.modelo.Endereco",1
Public Enum Type,"br.udesc.ceavi.pin.infosaude.modelo.Estado",0
Public Class,"br.udesc.ceavi.pin.infosaude.modelo.Instituicao",1
Public Class,"br.udesc.ceavi.pin.infosaude.modelo.Pessoa",2
Public Class,"br.udesc.ceavi.pin.infosaude.modelo.Profissional",2
Public Class,"br.udesc.ceavi.pin.infosaude.modelo.PublicoAlvo",2
Public Enum Type,"br.udesc.ceavi.pin.infosaude.modelo.Sexo",0
Public Class,"br.udesc.ceavi.pin.infosaude.modelo.Usuario",2
Public Interface,"br.udesc.ceavi.pin.infosaude.modelo.Usuario_Logado",1
Public Class,"br.udesc.ceavi.pin.infosaude.modelo.Vacina",2
Public Class,"br.udesc.ceavi.pin.infosaude.principal.Main",8
Public Class,"br.udesc.ceavi.pin.infosaude.util.CNPJ",0
Public Class,"br.udesc.ceavi.pin.infosaude.util.CPF",0
Public Class,"br.udesc.ceavi.pin.infosaude.view.component.FrameCadastroDeCampanha",6
Class,"br.udesc.ceavi.pin.infosaude.view.component.FrameCadastroDeCampanha.initComponents.(Anon_2)",1
Class,"br.udesc.ceavi.pin.infosaude.view.component.FrameCadastroDeCampanha.listaVacina.(for_loop_2).(Anon_1)",1
Class,"br.udesc.ceavi.pin.infosaude.view.component.FrameCadastroDeCampanha.main.(Anon_3)",1
Public Class,"br.udesc.ceavi.pin.infosaude.view.component.FrameCadastroDeVacina",6
Class,"br.udesc.ceavi.pin.infosaude.view.component.FrameCadastroDeVacina.initComponents.(Anon_1)",1
Class,"br.udesc.ceavi.pin.infosaude.view.component.FrameCadastroDeVacina.initComponents.(Anon_2)",1
Class,"br.udesc.ceavi.pin.infosaude.view.component.FrameCadastroDeVacina.initComponents.(Anon_3)",1
Class,"br.udesc.ceavi.pin.infosaude.view.component.FrameCadastroDeVacina.initComponents.(Anon_4)",1
Public Class,"br.udesc.ceavi.pin.infosaude.view.component.MenuJPaneUniversao",12
Private Class,"br.udesc.ceavi.pin.infosaude.view.component.MenuJPaneUniversao.MouseListenner",0
Public Class,"br.udesc.ceavi.pin.infosaude.view.component.campoDeAcao.InternalFrameCadastrarInstituicao",6
Class,"br.udesc.ceavi.pin.infosaude.view.component.campoDeAcao.InternalFrameCadastrarInstituicao.initComponents.(Anon_1)",1
Class,"br.udesc.ceavi.pin.infosaude.view.component.campoDeAcao.InternalFrameCadastrarInstituicao.initComponents.(Anon_2)",1
Class,"br.udesc.ceavi.pin.infosaude.view.component.campoDeAcao.InternalFrameCadastrarInstituicao.initComponents.(Anon_3)",1
Class,"br.udesc.ceavi.pin.infosaude.view.component.campoDeAcao.InternalFrameCadastrarInstituicao.initComponents.(Anon_4)",1
Class,"br.udesc.ceavi.pin.infosaude.view.component.campoDeAcao.InternalFrameCadastrarInstituicao.initComponents.(Anon_5)",1
Public Class,"br.udesc.ceavi.pin.infosaude.view.component.campoDeAcao.InternalFrameCadastrarPessoa",10
Class,"br.udesc.ceavi.pin.infosaude.view.component.campoDeAcao.InternalFrameCadastrarPessoa.initComponents.(Anon_1)",1
Class,"br.udesc.ceavi.pin.infosaude.view.component.campoDeAcao.InternalFrameCadastrarPessoa.initComponents.(Anon_2)",1
Class,"br.udesc.ceavi.pin.infosaude.view.component.campoDeAcao.InternalFrameCadastrarPessoa.initComponents.(Anon_3)",1
Class,"br.udesc.ceavi.pin.infosaude.view.component.campoDeAcao.InternalFrameCadastrarPessoa.initComponents.(Anon_4)",1
Class,"br.udesc.ceavi.pin.infosaude.view.component.campoDeAcao.InternalFrameCadastrarPessoa.initComponents.(Anon_5)",1
Public Class,"br.udesc.ceavi.pin.infosaude.view.component.campoDeAcao.InternalFrameCampanha",6
Public Class,"br.udesc.ceavi.pin.infosaude.view.component.campoDeAcao.InternalFrameDadosPessoais",8
Class,"br.udesc.ceavi.pin.infosaude.view.component.campoDeAcao.InternalFrameDadosPessoais.initComponents.(Anon_1)",1
Class,"br.udesc.ceavi.pin.infosaude.view.component.campoDeAcao.InternalFrameDadosPessoais.initComponents.(Anon_2)",1
Class,"br.udesc.ceavi.pin.infosaude.view.component.campoDeAcao.InternalFrameDadosPessoais.initComponents.(Anon_3)",1
Public Class,"br.udesc.ceavi.pin.infosaude.view.component.campoDeAcao.InternalFrameLancamentoDeRelatorio",2
Class,"br.udesc.ceavi.pin.infosaude.view.component.campoDeAcao.InternalFrameLancamentoDeRelatorio.cbRelatioActionPerformed.(Anon_4)",1
Class,"br.udesc.ceavi.pin.infosaude.view.component.campoDeAcao.InternalFrameLancamentoDeRelatorio.initComponents.(Anon_1)",1
Class,"br.udesc.ceavi.pin.infosaude.view.component.campoDeAcao.InternalFrameLancamentoDeRelatorio.initComponents.(Anon_2)",1
Class,"br.udesc.ceavi.pin.infosaude.view.component.campoDeAcao.InternalFrameLancamentoDeRelatorio.initComponents.(Anon_3)",0
Public Class,"br.udesc.ceavi.pin.infosaude.view.component.campoDeAcao.InternalFrameLancamentoDeVacina",8
Class,"br.udesc.ceavi.pin.infosaude.view.component.campoDeAcao.InternalFrameLancamentoDeVacina.initComponents.(Anon_1)",1
Class,"br.udesc.ceavi.pin.infosaude.view.component.campoDeAcao.InternalFrameLancamentoDeVacina.initComponents.(Anon_2)",1
Class,"br.udesc.ceavi.pin.infosaude.view.component.campoDeAcao.InternalFrameLancamentoDeVacina.initComponents.(Anon_3)",1
Class,"br.udesc.ceavi.pin.infosaude.view.component.campoDeAcao.InternalFrameLancamentoDeVacina.initComponents.(Anon_4)",1
Class,"br.udesc.ceavi.pin.infosaude.view.component.campoDeAcao.InternalFrameLancamentoDeVacina.initComponents.(Anon_5)",1
Class,"br.udesc.ceavi.pin.infosaude.view.component.campoDeAcao.InternalFrameLancamentoDeVacina.initComponents.(Anon_6)",1
Class,"br.udesc.ceavi.pin.infosaude.view.component.campoDeAcao.InternalFrameLancamentoDeVacina.initComponents.(Anon_7)",1
Class,"br.udesc.ceavi.pin.infosaude.view.component.campoDeAcao.InternalFrameLancamentoDeVacina.initComponents.(Anon_8)",1
Public Class,"br.udesc.ceavi.pin.infosaude.view.component.campoDeAcao.InternalFrameLogin",4
Class,"br.udesc.ceavi.pin.infosaude.view.component.campoDeAcao.InternalFrameLogin.initComponents.(Anon_1)",1
Class,"br.udesc.ceavi.pin.infosaude.view.component.campoDeAcao.InternalFrameLogin.initComponents.(Anon_2)",1
Class,"br.udesc.ceavi.pin.infosaude.view.component.campoDeAcao.InternalFrameLogin.initComponents.(Anon_3)",1
Class,"br.udesc.ceavi.pin.infosaude.view.component.campoDeAcao.InternalFrameLogin.initComponents.(Anon_4)",1
Public Class,"br.udesc.ceavi.pin.infosaude.view.component.campoDeAcao.InternalFrameTelaInicial",0
Public Class,"br.udesc.ceavi.pin.infosaude.view.component.campoDeAcao.InternalFrameVacina",2
Class,"br.udesc.ceavi.pin.infosaude.view.component.campoDeAcao.InternalFrameVacina.initComponents.(Anon_1)",1
Class,"br.udesc.ceavi.pin.infosaude.view.component.campoDeAcao.InternalFrameVacina.initComponents.(Anon_2)",1
Public Class,"br.udesc.ceavi.pin.infosaude.view.frame.FramePrincipal",11
Class,"br.udesc.ceavi.pin.infosaude.view.frame.FramePrincipal.initComponents.(Anon_1)",1
Class,"br.udesc.ceavi.pin.infosaude.view.frame.FramePrincipal.initComponents.(Anon_2)",1
Class,"br.udesc.ceavi.pin.infosaude.view.frame.FramePrincipal.initComponents.(Anon_3)",1
Class,"br.udesc.ceavi.pin.infosaude.view.frame.FramePrincipal.initComponents.(Anon_4)",1
Public Interface,"br.udesc.ceavi.pin.infosaude.view.frame.listener.Listener",0
Public Class,"br.udesc.ceavi.pin.infosaude.view.frame.listener.ListenerMenuSemUsuario",6
Private Class,"br.udesc.ceavi.pin.infosaude.view.frame.listener.ListenerMenuSemUsuario.btnAction0Listener",2
Private Class,"br.udesc.ceavi.pin.infosaude.view.frame.listener.ListenerMenuSemUsuario.btnAction1Listener",2
Private Class,"br.udesc.ceavi.pin.infosaude.view.frame.listener.ListenerMenuSemUsuario.btnAction2Listener",2
Private Class,"br.udesc.ceavi.pin.infosaude.view.frame.listener.ListenerMenuSemUsuario.btnAction3Listener",2
Private Class,"br.udesc.ceavi.pin.infosaude.view.frame.listener.ListenerMenuSemUsuario.btnAction4Listener",1
Public Class,"br.udesc.ceavi.pin.infosaude.view.frame.listener.ListenerMenuUsuarioComum",7
Private Class,"br.udesc.ceavi.pin.infosaude.view.frame.listener.ListenerMenuUsuarioComum.btn0AcitionListener",2
Private Class,"br.udesc.ceavi.pin.infosaude.view.frame.listener.ListenerMenuUsuarioComum.btn1AcitionListener",2
Private Class,"br.udesc.ceavi.pin.infosaude.view.frame.listener.ListenerMenuUsuarioComum.btn2AcitionListener",2
Private Class,"br.udesc.ceavi.pin.infosaude.view.frame.listener.ListenerMenuUsuarioComum.btn3AcitionListener",1
Private Class,"br.udesc.ceavi.pin.infosaude.view.frame.listener.ListenerMenuUsuarioComum.btn4AcitionListener",1
Private Class,"br.udesc.ceavi.pin.infosaude.view.frame.listener.ListenerMenuUsuarioComum.btnAcitionListener",4
Public Class,"br.udesc.ceavi.pin.infosaude.view.frame.listener.ListenerMenuUsuarioIntituicao",7
Private Class,"br.udesc.ceavi.pin.infosaude.view.frame.listener.ListenerMenuUsuarioIntituicao.btn0AcitionListener",2
Private Class,"br.udesc.ceavi.pin.infosaude.view.frame.listener.ListenerMenuUsuarioIntituicao.btn1AcitionListener",2
Private Class,"br.udesc.ceavi.pin.infosaude.view.frame.listener.ListenerMenuUsuarioIntituicao.btn2AcitionListener",2
Private Class,"br.udesc.ceavi.pin.infosaude.view.frame.listener.ListenerMenuUsuarioIntituicao.btn3AcitionListener",1
Private Class,"br.udesc.ceavi.pin.infosaude.view.frame.listener.ListenerMenuUsuarioIntituicao.btn4AcitionListener",1
Private Class,"br.udesc.ceavi.pin.infosaude.view.frame.listener.ListenerMenuUsuarioIntituicao.btn5AcitionListener",1
Public Class,"br.udesc.ceavi.pin.infosaude.view.frame.listener.ListenerMenuUsuarioProfissional",7
Private Class,"br.udesc.ceavi.pin.infosaude.view.frame.listener.ListenerMenuUsuarioProfissional.btn0AcitionListener",2
Private Class,"br.udesc.ceavi.pin.infosaude.view.frame.listener.ListenerMenuUsuarioProfissional.btn1AcitionListener",2
Private Class,"br.udesc.ceavi.pin.infosaude.view.frame.listener.ListenerMenuUsuarioProfissional.btn2AcitionListener",2
Private Class,"br.udesc.ceavi.pin.infosaude.view.frame.listener.ListenerMenuUsuarioProfissional.btn3AcitionListener",1
Private Class,"br.udesc.ceavi.pin.infosaude.view.frame.listener.ListenerMenuUsuarioProfissional.btn4AcitionListener",1
Private Class,"br.udesc.ceavi.pin.infosaude.view.frame.listener.ListenerMenuUsuarioProfissional.btn5AcitionListener",1
