Kind,Name,AvgCyclomatic,SumCyclomatic,MaxEssential,MaxNesting
File,"CNPJ.java",3,16,4,3
File,"CPF.java",2,14,4,2
File,"Campanha.java",1,13,1,0
File,"CampanhaControl.java",3,27,1,2
File,"Carterinha.java",1,18,4,3
File,"ConexaoJDBC.java",0,0,0,0
File,"ConexaoPostgresJDBC.java",1,1,1,0
File,"DadosVaziosExcepitions.java",1,3,1,0
File,"Endereco.java",1,22,1,0
File,"EnderecoControl.java",4,24,1,2
File,"Estado.java",1,4,1,0
File,"FrameCadastroDeCampanha.java",2,30,7,2
File,"FrameCadastroDeVacina.java",2,36,1,4
File,"FramePrincipal.java",1,34,3,2
File,"IdadeMaximaMenorQueIdadeMinimaPublicoAlvoException.java",1,1,1,0
File,"Instituicao.java",1,18,1,0
File,"InstituicaoControl.java",3,11,1,2
File,"InternalFrameCadastrarInstituicao.java",1,18,1,1
File,"InternalFrameCadastrarPessoa.java",2,30,7,3
File,"InternalFrameCampanha.java",3,13,7,1
File,"InternalFrameDadosPessoais.java",6,73,13,5
File,"InternalFrameLancamentoDeRelatorio.java",1,20,1,1
File,"InternalFrameLancamentoDeVacina.java",1,36,4,2
File,"InternalFrameLogin.java",1,23,3,2
File,"InternalFrameTelaInicial.java",1,2,1,0
File,"InternalFrameVacina.java",2,16,9,1
File,"Listener.java",0,0,0,0
File,"ListenerMenuSemUsuario.java",1,12,1,0
File,"ListenerMenuUsuarioComum.java",1,14,1,0
File,"ListenerMenuUsuarioIntituicao.java",1,14,1,0
File,"ListenerMenuUsuarioProfissional.java",1,14,1,0
File,"LoginJaRegistradoNaBaseDeDadosException.java",1,1,1,0
File,"Main.java",3,9,1,2
File,"MenuJPaneUniversao.java",1,23,1,1
File,"Pessoa.java",1,27,1,0
File,"PessoaControl.java",4,42,4,4
File,"Profissional.java",1,6,1,0
File,"ProfissionalControl.java",4,13,1,2
File,"PublicoAlvo.java",1,12,1,1
File,"PublicoAlvoControl.java",3,7,1,2
File,"Sexo.java",1,4,1,0
File,"Usuario.java",1,5,1,0
File,"UsuarioControl.java",4,13,1,2
File,"Usuario_Logado.java",0,0,0,0
File,"Vacina.java",1,22,1,0
File,"VacinaControl.java",3,54,1,3
Package,"br",0,0,0,0
Package,"br.udesc",0,0,0,0
Package,"br.udesc.ceavi",0,0,0,0
Package,"br.udesc.ceavi.pin",0,0,0,0
Package,"br.udesc.ceavi.pin.infosaude",0,0,0,0
Package,"br.udesc.ceavi.pin.infosaude.control",3,191,4,4
Public Class,"br.udesc.ceavi.pin.infosaude.control.CampanhaControl",3,27,1,2
Public Method,"br.udesc.ceavi.pin.infosaude.control.CampanhaControl.buscaData",,1,,0
Public Method,"br.udesc.ceavi.pin.infosaude.control.CampanhaControl.buscarCampanhaPorIdVacina",,6,,2
Public Method,"br.udesc.ceavi.pin.infosaude.control.CampanhaControl.conexao",,1,,0
Public Method,"br.udesc.ceavi.pin.infosaude.control.CampanhaControl.getCampanhaUsuario",,5,,2
Public Method,"br.udesc.ceavi.pin.infosaude.control.CampanhaControl.getCampanhas",,5,,2
Public Method,"br.udesc.ceavi.pin.infosaude.control.CampanhaControl.inserir",,6,,2
Public Method,"br.udesc.ceavi.pin.infosaude.control.CampanhaControl.validarCampos",,3,,1
Public Class,"br.udesc.ceavi.pin.infosaude.control.EnderecoControl",4,24,1,2
Public Method,"br.udesc.ceavi.pin.infosaude.control.EnderecoControl.conexao",,1,,0
Public Method,"br.udesc.ceavi.pin.infosaude.control.EnderecoControl.getEndereco",,6,,2
Public Method,"br.udesc.ceavi.pin.infosaude.control.EnderecoControl.inserir",,6,,2
Public Method,"br.udesc.ceavi.pin.infosaude.control.EnderecoControl.update",,5,,2
Public Method,"br.udesc.ceavi.pin.infosaude.control.EnderecoControl.validaCampos",,6,,1
Public Class,"br.udesc.ceavi.pin.infosaude.control.InstituicaoControl",3,11,1,2
Public Method,"br.udesc.ceavi.pin.infosaude.control.InstituicaoControl.conexao",,1,,0
Public Method,"br.udesc.ceavi.pin.infosaude.control.InstituicaoControl.inserir",,6,,2
Public Method,"br.udesc.ceavi.pin.infosaude.control.InstituicaoControl.validaCampos",,4,,1
Public Class,"br.udesc.ceavi.pin.infosaude.control.PessoaControl",4,42,4,4
Public Method,"br.udesc.ceavi.pin.infosaude.control.PessoaControl.buscaInstituicao",,4,,3
Public Method,"br.udesc.ceavi.pin.infosaude.control.PessoaControl.buscaProfissional",,4,,3
Public Method,"br.udesc.ceavi.pin.infosaude.control.PessoaControl.buscaUsuario",,3,,2
Public Method,"br.udesc.ceavi.pin.infosaude.control.PessoaControl.conexao",,1,,0
Public Method,"br.udesc.ceavi.pin.infosaude.control.PessoaControl.inserir",,6,,2
Public Method,"br.udesc.ceavi.pin.infosaude.control.PessoaControl.login",,5,,2
Public Method,"br.udesc.ceavi.pin.infosaude.control.PessoaControl.update",,5,,2
Public Method,"br.udesc.ceavi.pin.infosaude.control.PessoaControl.validaCampoLogin",,8,,4
Public Method,"br.udesc.ceavi.pin.infosaude.control.PessoaControl.validaCampos",,6,,1
Public Class,"br.udesc.ceavi.pin.infosaude.control.ProfissionalControl",4,13,1,2
Public Method,"br.udesc.ceavi.pin.infosaude.control.ProfissionalControl.conexao",,1,,0
Public Method,"br.udesc.ceavi.pin.infosaude.control.ProfissionalControl.getAcessoProfissional",,6,,2
Public Method,"br.udesc.ceavi.pin.infosaude.control.ProfissionalControl.inserir",,6,,2
Public Class,"br.udesc.ceavi.pin.infosaude.control.PublicoAlvoControl",3,7,1,2
Public Method,"br.udesc.ceavi.pin.infosaude.control.PublicoAlvoControl.conexao",,1,,0
Public Method,"br.udesc.ceavi.pin.infosaude.control.PublicoAlvoControl.inserir",,6,,2
Public Class,"br.udesc.ceavi.pin.infosaude.control.UsuarioControl",4,13,1,2
Public Method,"br.udesc.ceavi.pin.infosaude.control.UsuarioControl.buscarPeloCPF",,6,,2
Public Method,"br.udesc.ceavi.pin.infosaude.control.UsuarioControl.conexao",,1,,0
Public Method,"br.udesc.ceavi.pin.infosaude.control.UsuarioControl.inserir",,6,,2
Public Class,"br.udesc.ceavi.pin.infosaude.control.VacinaControl",3,54,1,3
Public Method,"br.udesc.ceavi.pin.infosaude.control.VacinaControl.aplicarVacina",,9,,2
Public Method,"br.udesc.ceavi.pin.infosaude.control.VacinaControl.conexao",,1,,0
Public Method,"br.udesc.ceavi.pin.infosaude.control.VacinaControl.criaPS",,1,,0
Public Method,"br.udesc.ceavi.pin.infosaude.control.VacinaControl.getCampanhaDoUsuario",,6,,2
Public Method,"br.udesc.ceavi.pin.infosaude.control.VacinaControl.getNumPessoaQueAplicaramVacinaPerantePublicoAlvo",,1,,0
Public Method,"br.udesc.ceavi.pin.infosaude.control.VacinaControl.getNumeroPessoaCondizentesComOPublicoAlvo",,1,,0
Public Method,"br.udesc.ceavi.pin.infosaude.control.VacinaControl.getResultSetInt",,1,,0
Public Method,"br.udesc.ceavi.pin.infosaude.control.VacinaControl.getResultSetLong",,1,,0
Public Method,"br.udesc.ceavi.pin.infosaude.control.VacinaControl.getResultSetString",,1,,0
Public Method,"br.udesc.ceavi.pin.infosaude.control.VacinaControl.getVacinaDoUsuario",,6,,2
Public Method,"br.udesc.ceavi.pin.infosaude.control.VacinaControl.getVacinaPeloNome",,4,,2
Public Method,"br.udesc.ceavi.pin.infosaude.control.VacinaControl.getVacinaUsuario",,5,,2
Public Method,"br.udesc.ceavi.pin.infosaude.control.VacinaControl.getVacinas",,2,,1
Public Method,"br.udesc.ceavi.pin.infosaude.control.VacinaControl.inserir",,7,,2
Public Method,"br.udesc.ceavi.pin.infosaude.control.VacinaControl.obterPublicoAlvo",,5,,3
Public Method,"br.udesc.ceavi.pin.infosaude.control.VacinaControl.validarVacina",,3,,1
Package,"br.udesc.ceavi.pin.infosaude.control.dao",1,1,1,0
Public Interface,"br.udesc.ceavi.pin.infosaude.control.dao.ConexaoJDBC",0,0,0,0
Public Abstract Method,"br.udesc.ceavi.pin.infosaude.control.dao.ConexaoJDBC.close",,0,,0
Public Abstract Method,"br.udesc.ceavi.pin.infosaude.control.dao.ConexaoJDBC.commit",,0,,0
Public Abstract Method,"br.udesc.ceavi.pin.infosaude.control.dao.ConexaoJDBC.getConnection",,0,,0
Public Abstract Method,"br.udesc.ceavi.pin.infosaude.control.dao.ConexaoJDBC.rollback",,0,,0
Public Class,"br.udesc.ceavi.pin.infosaude.control.dao.ConexaoPostgresJDBC",1,1,1,0
Public Static Method,"br.udesc.ceavi.pin.infosaude.control.dao.ConexaoPostgresJDBC.getConnection",,1,,0
Package,"br.udesc.ceavi.pin.infosaude.control.excecpton",1,5,1,0
Public Class,"br.udesc.ceavi.pin.infosaude.control.excecpton.DadosVaziosExcepitions",1,3,1,0
Public Constructor,"br.udesc.ceavi.pin.infosaude.control.excecpton.DadosVaziosExcepitions.DadosVaziosExcepitions",,1,,0
Public Constructor,"br.udesc.ceavi.pin.infosaude.control.excecpton.DadosVaziosExcepitions.DadosVaziosExcepitions",,1,,0
Public Constructor,"br.udesc.ceavi.pin.infosaude.control.excecpton.DadosVaziosExcepitions.DadosVaziosExcepitions",,1,,0
Public Class,"br.udesc.ceavi.pin.infosaude.control.excecpton.IdadeMaximaMenorQueIdadeMinimaPublicoAlvoException",1,1,1,0
Public Constructor,"br.udesc.ceavi.pin.infosaude.control.excecpton.IdadeMaximaMenorQueIdadeMinimaPublicoAlvoException.IdadeMaximaMenorQueIdadeMinimaPublicoAlvoException",,1,,0
Public Class,"br.udesc.ceavi.pin.infosaude.control.excecpton.LoginJaRegistradoNaBaseDeDadosException",1,1,1,0
Public Constructor,"br.udesc.ceavi.pin.infosaude.control.excecpton.LoginJaRegistradoNaBaseDeDadosException.LoginJaRegistradoNaBaseDeDadosException",,1,,0
Package,"br.udesc.ceavi.pin.infosaude.modelo",1,151,4,3
Public Class,"br.udesc.ceavi.pin.infosaude.modelo.Campanha",1,13,1,0
Public Constructor,"br.udesc.ceavi.pin.infosaude.modelo.Campanha.Campanha",,1,,0
Public Constructor,"br.udesc.ceavi.pin.infosaude.modelo.Campanha.Campanha",,1,,0
Public Method,"br.udesc.ceavi.pin.infosaude.modelo.Campanha.getDataFim",,1,,0
Public Method,"br.udesc.ceavi.pin.infosaude.modelo.Campanha.getDataInicio",,1,,0
Public Method,"br.udesc.ceavi.pin.infosaude.modelo.Campanha.getId",,1,,0
Public Method,"br.udesc.ceavi.pin.infosaude.modelo.Campanha.getSlogan",,1,,0
Public Method,"br.udesc.ceavi.pin.infosaude.modelo.Campanha.getVacina",,1,,0
Public Method,"br.udesc.ceavi.pin.infosaude.modelo.Campanha.setDataFim",,1,,0
Public Method,"br.udesc.ceavi.pin.infosaude.modelo.Campanha.setDataInicio",,1,,0
Public Method,"br.udesc.ceavi.pin.infosaude.modelo.Campanha.setId",,1,,0
Public Method,"br.udesc.ceavi.pin.infosaude.modelo.Campanha.setSlogan",,1,,0
Public Method,"br.udesc.ceavi.pin.infosaude.modelo.Campanha.setVacina",,1,,0
Public Method,"br.udesc.ceavi.pin.infosaude.modelo.Campanha.toString",,1,,0
Public Class,"br.udesc.ceavi.pin.infosaude.modelo.Carterinha",1,18,4,3
Public Constructor,"br.udesc.ceavi.pin.infosaude.modelo.Carterinha.Carterinha",,1,,0
Public Method,"br.udesc.ceavi.pin.infosaude.modelo.Carterinha.buscaCampanha",,1,,0
Public Method,"br.udesc.ceavi.pin.infosaude.modelo.Carterinha.buscaVacina",,1,,0
Public Method,"br.udesc.ceavi.pin.infosaude.modelo.Carterinha.campanhasParticipadasVazias",,1,,0
Public Method,"br.udesc.ceavi.pin.infosaude.modelo.Carterinha.getCampanhaPorNome",,4,,3
Public Method,"br.udesc.ceavi.pin.infosaude.modelo.Carterinha.getUsuario",,1,,0
Public Method,"br.udesc.ceavi.pin.infosaude.modelo.Carterinha.getVacinaPorNome",,4,,3
Public Method,"br.udesc.ceavi.pin.infosaude.modelo.Carterinha.quantidadeCampanhasParticipadas",,1,,0
Public Method,"br.udesc.ceavi.pin.infosaude.modelo.Carterinha.quantidadeVacinasTomadas",,1,,0
Public Method,"br.udesc.ceavi.pin.infosaude.modelo.Carterinha.setListaDeCampanhaParticipadas",,1,,0
Public Method,"br.udesc.ceavi.pin.infosaude.modelo.Carterinha.setListaDeVacinaTomadas",,1,,0
Public Method,"br.udesc.ceavi.pin.infosaude.modelo.Carterinha.vacinasTomadasVazias",,1,,0
Public Class,"br.udesc.ceavi.pin.infosaude.modelo.Endereco",1,22,1,0
Public Constructor,"br.udesc.ceavi.pin.infosaude.modelo.Endereco.Endereco",,1,,0
Public Constructor,"br.udesc.ceavi.pin.infosaude.modelo.Endereco.Endereco",,1,,0
Public Method,"br.udesc.ceavi.pin.infosaude.modelo.Endereco.getBairro",,1,,0
Public Method,"br.udesc.ceavi.pin.infosaude.modelo.Endereco.getCep",,1,,0
Public Method,"br.udesc.ceavi.pin.infosaude.modelo.Endereco.getCidade",,1,,0
Public Method,"br.udesc.ceavi.pin.infosaude.modelo.Endereco.getComplemento",,1,,0
Public Method,"br.udesc.ceavi.pin.infosaude.modelo.Endereco.getEmail",,1,,0
Public Method,"br.udesc.ceavi.pin.infosaude.modelo.Endereco.getEstado",,1,,0
Public Method,"br.udesc.ceavi.pin.infosaude.modelo.Endereco.getId",,1,,0
Public Method,"br.udesc.ceavi.pin.infosaude.modelo.Endereco.getNumero",,1,,0
Public Method,"br.udesc.ceavi.pin.infosaude.modelo.Endereco.getRua",,1,,0
Public Method,"br.udesc.ceavi.pin.infosaude.modelo.Endereco.getTelefone",,1,,0
Public Method,"br.udesc.ceavi.pin.infosaude.modelo.Endereco.setBairro",,1,,0
Public Method,"br.udesc.ceavi.pin.infosaude.modelo.Endereco.setCep",,1,,0
Public Method,"br.udesc.ceavi.pin.infosaude.modelo.Endereco.setCidade",,1,,0
Public Method,"br.udesc.ceavi.pin.infosaude.modelo.Endereco.setComplemento",,1,,0
Public Method,"br.udesc.ceavi.pin.infosaude.modelo.Endereco.setEmail",,1,,0
Public Method,"br.udesc.ceavi.pin.infosaude.modelo.Endereco.setEstado",,1,,0
Public Method,"br.udesc.ceavi.pin.infosaude.modelo.Endereco.setId",,1,,0
Public Method,"br.udesc.ceavi.pin.infosaude.modelo.Endereco.setNumero",,1,,0
Public Method,"br.udesc.ceavi.pin.infosaude.modelo.Endereco.setRua",,1,,0
Public Method,"br.udesc.ceavi.pin.infosaude.modelo.Endereco.setTelefone",,1,,0
Public Enum Type,"br.udesc.ceavi.pin.infosaude.modelo.Estado",1,4,1,0
Constructor,"br.udesc.ceavi.pin.infosaude.modelo.Estado.Estado",,1,,0
Public Method,"br.udesc.ceavi.pin.infosaude.modelo.Estado.toString",,1,,0
Public Method,"br.udesc.ceavi.pin.infosaude.modelo.Estado.valueOf",,1,,0
Public Method,"br.udesc.ceavi.pin.infosaude.modelo.Estado.values",,1,,0
Public Class,"br.udesc.ceavi.pin.infosaude.modelo.Instituicao",1,18,1,0
Public Constructor,"br.udesc.ceavi.pin.infosaude.modelo.Instituicao.Instituicao",,1,,0
Public Constructor,"br.udesc.ceavi.pin.infosaude.modelo.Instituicao.Instituicao",,1,,0
Public Constructor,"br.udesc.ceavi.pin.infosaude.modelo.Instituicao.Instituicao",,1,,0
Public Method,"br.udesc.ceavi.pin.infosaude.modelo.Instituicao.getCampanhas",,1,,0
Public Method,"br.udesc.ceavi.pin.infosaude.modelo.Instituicao.getCnpj",,1,,0
Public Method,"br.udesc.ceavi.pin.infosaude.modelo.Instituicao.getEndereco",,1,,0
Public Method,"br.udesc.ceavi.pin.infosaude.modelo.Instituicao.getId",,1,,0
Public Method,"br.udesc.ceavi.pin.infosaude.modelo.Instituicao.getListaDeProfissionais",,1,,0
Public Method,"br.udesc.ceavi.pin.infosaude.modelo.Instituicao.getNome",,1,,0
Public Method,"br.udesc.ceavi.pin.infosaude.modelo.Instituicao.getSenha",,1,,0
Public Method,"br.udesc.ceavi.pin.infosaude.modelo.Instituicao.getUsuario",,1,,0
Public Method,"br.udesc.ceavi.pin.infosaude.modelo.Instituicao.setCampanhas",,1,,0
Public Method,"br.udesc.ceavi.pin.infosaude.modelo.Instituicao.setCnpj",,1,,0
Public Method,"br.udesc.ceavi.pin.infosaude.modelo.Instituicao.setEndereco",,1,,0
Public Method,"br.udesc.ceavi.pin.infosaude.modelo.Instituicao.setId",,1,,0
Public Method,"br.udesc.ceavi.pin.infosaude.modelo.Instituicao.setListaDeProfissionais",,1,,0
Public Method,"br.udesc.ceavi.pin.infosaude.modelo.Instituicao.setNome",,1,,0
Public Method,"br.udesc.ceavi.pin.infosaude.modelo.Instituicao.setSenha",,1,,0
Public Class,"br.udesc.ceavi.pin.infosaude.modelo.Pessoa",1,27,1,0
Public Constructor,"br.udesc.ceavi.pin.infosaude.modelo.Pessoa.Pessoa",,1,,0
Public Constructor,"br.udesc.ceavi.pin.infosaude.modelo.Pessoa.Pessoa",,1,,0
Public Constructor,"br.udesc.ceavi.pin.infosaude.modelo.Pessoa.Pessoa",,1,,0
Public Constructor,"br.udesc.ceavi.pin.infosaude.modelo.Pessoa.Pessoa",,1,,0
Public Constructor,"br.udesc.ceavi.pin.infosaude.modelo.Pessoa.Pessoa",,1,,0
Public Method,"br.udesc.ceavi.pin.infosaude.modelo.Pessoa.getCpf",,1,,0
Public Method,"br.udesc.ceavi.pin.infosaude.modelo.Pessoa.getDataNascimento",,1,,0
Public Method,"br.udesc.ceavi.pin.infosaude.modelo.Pessoa.getEndereco",,1,,0
Public Method,"br.udesc.ceavi.pin.infosaude.modelo.Pessoa.getId",,1,,0
Public Method,"br.udesc.ceavi.pin.infosaude.modelo.Pessoa.getLogin",,1,,0
Public Method,"br.udesc.ceavi.pin.infosaude.modelo.Pessoa.getNome",,1,,0
Public Method,"br.udesc.ceavi.pin.infosaude.modelo.Pessoa.getNumeroSUS",,1,,0
Public Method,"br.udesc.ceavi.pin.infosaude.modelo.Pessoa.getRegistroGeral",,1,,0
Public Method,"br.udesc.ceavi.pin.infosaude.modelo.Pessoa.getSenha",,1,,0
Public Method,"br.udesc.ceavi.pin.infosaude.modelo.Pessoa.getSexo",,1,,0
Public Method,"br.udesc.ceavi.pin.infosaude.modelo.Pessoa.getUsuario",,1,,0
Public Method,"br.udesc.ceavi.pin.infosaude.modelo.Pessoa.retornaUser",,1,,0
Public Method,"br.udesc.ceavi.pin.infosaude.modelo.Pessoa.setCpf",,1,,0
Public Method,"br.udesc.ceavi.pin.infosaude.modelo.Pessoa.setDataNascimento",,1,,0
Public Method,"br.udesc.ceavi.pin.infosaude.modelo.Pessoa.setEndereco",,1,,0
Public Method,"br.udesc.ceavi.pin.infosaude.modelo.Pessoa.setId",,1,,0
Public Method,"br.udesc.ceavi.pin.infosaude.modelo.Pessoa.setLogin",,1,,0
Public Method,"br.udesc.ceavi.pin.infosaude.modelo.Pessoa.setNome",,1,,0
Public Method,"br.udesc.ceavi.pin.infosaude.modelo.Pessoa.setNumeroSUS",,1,,0
Public Method,"br.udesc.ceavi.pin.infosaude.modelo.Pessoa.setRegistroGeral",,1,,0
Public Method,"br.udesc.ceavi.pin.infosaude.modelo.Pessoa.setSenha",,1,,0
Public Method,"br.udesc.ceavi.pin.infosaude.modelo.Pessoa.setSexo",,1,,0
Public Class,"br.udesc.ceavi.pin.infosaude.modelo.Profissional",1,6,1,0
Public Constructor,"br.udesc.ceavi.pin.infosaude.modelo.Profissional.Profissional",,1,,0
Public Constructor,"br.udesc.ceavi.pin.infosaude.modelo.Profissional.Profissional",,1,,0
Public Constructor,"br.udesc.ceavi.pin.infosaude.modelo.Profissional.Profissional",,1,,0
Public Constructor,"br.udesc.ceavi.pin.infosaude.modelo.Profissional.Profissional",,1,,0
Public Method,"br.udesc.ceavi.pin.infosaude.modelo.Profissional.getInstituicao",,1,,0
Public Method,"br.udesc.ceavi.pin.infosaude.modelo.Profissional.setInstituicao",,1,,0
Public Class,"br.udesc.ceavi.pin.infosaude.modelo.PublicoAlvo",1,12,1,1
Public Constructor,"br.udesc.ceavi.pin.infosaude.modelo.PublicoAlvo.PublicoAlvo",,1,,0
Public Constructor,"br.udesc.ceavi.pin.infosaude.modelo.PublicoAlvo.PublicoAlvo",,2,,1
Public Method,"br.udesc.ceavi.pin.infosaude.modelo.PublicoAlvo.getId",,1,,0
Public Method,"br.udesc.ceavi.pin.infosaude.modelo.PublicoAlvo.getMaxIdade",,1,,0
Public Method,"br.udesc.ceavi.pin.infosaude.modelo.PublicoAlvo.getMinIdade",,1,,0
Public Method,"br.udesc.ceavi.pin.infosaude.modelo.PublicoAlvo.getSexo",,1,,0
Public Method,"br.udesc.ceavi.pin.infosaude.modelo.PublicoAlvo.setId",,1,,0
Public Method,"br.udesc.ceavi.pin.infosaude.modelo.PublicoAlvo.setMaxIdade",,1,,0
Public Method,"br.udesc.ceavi.pin.infosaude.modelo.PublicoAlvo.setMinIdade",,1,,0
Public Method,"br.udesc.ceavi.pin.infosaude.modelo.PublicoAlvo.setSexo",,1,,0
Public Method,"br.udesc.ceavi.pin.infosaude.modelo.PublicoAlvo.toString",,1,,0
Public Enum Type,"br.udesc.ceavi.pin.infosaude.modelo.Sexo",1,4,1,0
Constructor,"br.udesc.ceavi.pin.infosaude.modelo.Sexo.Sexo",,1,,0
Public Method,"br.udesc.ceavi.pin.infosaude.modelo.Sexo.toString",,1,,0
Public Method,"br.udesc.ceavi.pin.infosaude.modelo.Sexo.valueOf",,1,,0
Public Method,"br.udesc.ceavi.pin.infosaude.modelo.Sexo.values",,1,,0
Public Class,"br.udesc.ceavi.pin.infosaude.modelo.Usuario",1,5,1,0
Public Constructor,"br.udesc.ceavi.pin.infosaude.modelo.Usuario.Usuario",,1,,0
Public Constructor,"br.udesc.ceavi.pin.infosaude.modelo.Usuario.Usuario",,1,,0
Public Method,"br.udesc.ceavi.pin.infosaude.modelo.Usuario.getCarterinha",,1,,0
Public Method,"br.udesc.ceavi.pin.infosaude.modelo.Usuario.getId_usuario",,1,,0
Public Method,"br.udesc.ceavi.pin.infosaude.modelo.Usuario.setCarterinha",,1,,0
Public Interface,"br.udesc.ceavi.pin.infosaude.modelo.Usuario_Logado",0,0,0,0
Public Abstract Method,"br.udesc.ceavi.pin.infosaude.modelo.Usuario_Logado.getId",,0,,0
Public Abstract Method,"br.udesc.ceavi.pin.infosaude.modelo.Usuario_Logado.getUsuario",,0,,0
Public Abstract Method,"br.udesc.ceavi.pin.infosaude.modelo.Usuario_Logado.setEndereco",,0,,0
Public Class,"br.udesc.ceavi.pin.infosaude.modelo.Vacina",1,22,1,0
Public Constructor,"br.udesc.ceavi.pin.infosaude.modelo.Vacina.Vacina",,1,,0
Public Constructor,"br.udesc.ceavi.pin.infosaude.modelo.Vacina.Vacina",,1,,0
Public Constructor,"br.udesc.ceavi.pin.infosaude.modelo.Vacina.Vacina",,1,,0
Public Constructor,"br.udesc.ceavi.pin.infosaude.modelo.Vacina.Vacina",,1,,0
Public Constructor,"br.udesc.ceavi.pin.infosaude.modelo.Vacina.Vacina",,1,,0
Public Constructor,"br.udesc.ceavi.pin.infosaude.modelo.Vacina.Vacina",,1,,0
Public Constructor,"br.udesc.ceavi.pin.infosaude.modelo.Vacina.Vacina",,1,,0
Public Method,"br.udesc.ceavi.pin.infosaude.modelo.Vacina.getDataAplicacao",,1,,0
Public Method,"br.udesc.ceavi.pin.infosaude.modelo.Vacina.getDose",,1,,0
Public Method,"br.udesc.ceavi.pin.infosaude.modelo.Vacina.getId",,1,,0
Public Method,"br.udesc.ceavi.pin.infosaude.modelo.Vacina.getObservacao",,1,,0
Public Method,"br.udesc.ceavi.pin.infosaude.modelo.Vacina.getProfissional",,1,,0
Public Method,"br.udesc.ceavi.pin.infosaude.modelo.Vacina.getPublicosAlvos",,1,,0
Public Method,"br.udesc.ceavi.pin.infosaude.modelo.Vacina.getVacina",,1,,0
Public Method,"br.udesc.ceavi.pin.infosaude.modelo.Vacina.setDataAplicacao",,1,,0
Public Method,"br.udesc.ceavi.pin.infosaude.modelo.Vacina.setDose",,1,,0
Public Method,"br.udesc.ceavi.pin.infosaude.modelo.Vacina.setId",,1,,0
Public Method,"br.udesc.ceavi.pin.infosaude.modelo.Vacina.setObservacao",,1,,0
Public Method,"br.udesc.ceavi.pin.infosaude.modelo.Vacina.setProfissional",,1,,0
Public Method,"br.udesc.ceavi.pin.infosaude.modelo.Vacina.setPublicosAlvos",,1,,0
Public Method,"br.udesc.ceavi.pin.infosaude.modelo.Vacina.setVacina",,1,,0
Public Method,"br.udesc.ceavi.pin.infosaude.modelo.Vacina.toString",,1,,0
Package,"br.udesc.ceavi.pin.infosaude.principal",3,9,1,2
Public Class,"br.udesc.ceavi.pin.infosaude.principal.Main",3,9,1,2
Public Static Method,"br.udesc.ceavi.pin.infosaude.principal.Main.main",,1,,0
Public Method,"br.udesc.ceavi.pin.infosaude.principal.Main.run",,2,,1
Public Static Method,"br.udesc.ceavi.pin.infosaude.principal.Main.setParametrosUsuario",,6,,2
Package,"br.udesc.ceavi.pin.infosaude.util",3,30,4,3
Public Class,"br.udesc.ceavi.pin.infosaude.util.CNPJ",3,16,4,3
Public Constructor,"br.udesc.ceavi.pin.infosaude.util.CNPJ.CNPJ",,1,,0
Private Method,"br.udesc.ceavi.pin.infosaude.util.CNPJ.Format",,2,,1
Public Method,"br.udesc.ceavi.pin.infosaude.util.CNPJ.getCNPJ",,1,,0
Public Static Method,"br.udesc.ceavi.pin.infosaude.util.CNPJ.getFormat",,2,,1
Public Method,"br.udesc.ceavi.pin.infosaude.util.CNPJ.isCNPJ",,10,,3
Public Class,"br.udesc.ceavi.pin.infosaude.util.CPF",2,14,4,2
Public Constructor,"br.udesc.ceavi.pin.infosaude.util.CPF.CPF",,1,,0
Private Method,"br.udesc.ceavi.pin.infosaude.util.CPF.Format",,2,,1
Public Method,"br.udesc.ceavi.pin.infosaude.util.CPF.getCPF",,1,,0
Public Static Method,"br.udesc.ceavi.pin.infosaude.util.CPF.getFormat",,2,,1
Public Method,"br.udesc.ceavi.pin.infosaude.util.CPF.isCPF",,8,,2
Package,"br.udesc.ceavi.pin.infosaude.view",0,0,0,0
Package,"br.udesc.ceavi.pin.infosaude.view.component",2,89,7,4
Public Class,"br.udesc.ceavi.pin.infosaude.view.component.FrameCadastroDeCampanha",3,27,7,2
Public Constructor,"br.udesc.ceavi.pin.infosaude.view.component.FrameCadastroDeCampanha.FrameCadastroDeCampanha",,3,,2
Private Method,"br.udesc.ceavi.pin.infosaude.view.component.FrameCadastroDeCampanha.actionListenerComboBoxVacina",,2,,1
Public Method,"br.udesc.ceavi.pin.infosaude.view.component.FrameCadastroDeCampanha.addPublicoAlvo",,2,,1
Private Method,"br.udesc.ceavi.pin.infosaude.view.component.FrameCadastroDeCampanha.btnCadastrarActionPerformed",,5,,2
Private Method,"br.udesc.ceavi.pin.infosaude.view.component.FrameCadastroDeCampanha.initComponents",,3,,1
Class,"br.udesc.ceavi.pin.infosaude.view.component.FrameCadastroDeCampanha.initComponents.(Anon_2)",1,1,1,0
Public Method,"br.udesc.ceavi.pin.infosaude.view.component.FrameCadastroDeCampanha.initComponents.(Anon_2).actionPerformed",,1,,0
Public Method,"br.udesc.ceavi.pin.infosaude.view.component.FrameCadastroDeCampanha.listaVacina",,2,,0
Class,"br.udesc.ceavi.pin.infosaude.view.component.FrameCadastroDeCampanha.listaVacina.(for_loop_2).(Anon_1)",1,1,1,0
Public Method,"br.udesc.ceavi.pin.infosaude.view.component.FrameCadastroDeCampanha.listaVacina.(for_loop_2).(Anon_1).actionPerformed",,1,,0
Public Static Method,"br.udesc.ceavi.pin.infosaude.view.component.FrameCadastroDeCampanha.main",,7,,0
Class,"br.udesc.ceavi.pin.infosaude.view.component.FrameCadastroDeCampanha.main.(Anon_3)",1,1,1,0
Public Method,"br.udesc.ceavi.pin.infosaude.view.component.FrameCadastroDeCampanha.main.(Anon_3).run",,1,,0
Public Method,"br.udesc.ceavi.pin.infosaude.view.component.FrameCadastroDeCampanha.validarCampos",,3,,1
Public Class,"br.udesc.ceavi.pin.infosaude.view.component.FrameCadastroDeVacina",2,32,1,4
Public Constructor,"br.udesc.ceavi.pin.infosaude.view.component.FrameCadastroDeVacina.FrameCadastroDeVacina",,1,,0
Public Method,"br.udesc.ceavi.pin.infosaude.view.component.FrameCadastroDeVacina.addPublicoAlvo",,2,,1
Private Method,"br.udesc.ceavi.pin.infosaude.view.component.FrameCadastroDeVacina.btnAddActionPerformed",,1,,0
Private Method,"br.udesc.ceavi.pin.infosaude.view.component.FrameCadastroDeVacina.btnCadastrarActionPerformed",,8,,4
Private Method,"br.udesc.ceavi.pin.infosaude.view.component.FrameCadastroDeVacina.btnLimparActionPerformed",,1,,0
Private Method,"br.udesc.ceavi.pin.infosaude.view.component.FrameCadastroDeVacina.btnMenosActionPerformed",,1,,0
Public Method,"br.udesc.ceavi.pin.infosaude.view.component.FrameCadastroDeVacina.buscaNumeroComponente",,1,,0
Public Method,"br.udesc.ceavi.pin.infosaude.view.component.FrameCadastroDeVacina.getPublicoAlvos",,6,,3
Public Method,"br.udesc.ceavi.pin.infosaude.view.component.FrameCadastroDeVacina.getSexo",,3,,1
Private Method,"br.udesc.ceavi.pin.infosaude.view.component.FrameCadastroDeVacina.initComponents",,1,,0
Class,"br.udesc.ceavi.pin.infosaude.view.component.FrameCadastroDeVacina.initComponents.(Anon_1)",1,1,1,0
Public Method,"br.udesc.ceavi.pin.infosaude.view.component.FrameCadastroDeVacina.initComponents.(Anon_1).actionPerformed",,1,,0
Class,"br.udesc.ceavi.pin.infosaude.view.component.FrameCadastroDeVacina.initComponents.(Anon_2)",1,1,1,0
Public Method,"br.udesc.ceavi.pin.infosaude.view.component.FrameCadastroDeVacina.initComponents.(Anon_2).actionPerformed",,1,,0
Class,"br.udesc.ceavi.pin.infosaude.view.component.FrameCadastroDeVacina.initComponents.(Anon_3)",1,1,1,0
Public Method,"br.udesc.ceavi.pin.infosaude.view.component.FrameCadastroDeVacina.initComponents.(Anon_3).actionPerformed",,1,,0
Class,"br.udesc.ceavi.pin.infosaude.view.component.FrameCadastroDeVacina.initComponents.(Anon_4)",1,1,1,0
Public Method,"br.udesc.ceavi.pin.infosaude.view.component.FrameCadastroDeVacina.initComponents.(Anon_4).actionPerformed",,1,,0
Private Method,"br.udesc.ceavi.pin.infosaude.view.component.FrameCadastroDeVacina.limpaNumDose",,1,,0
Private Method,"br.udesc.ceavi.pin.infosaude.view.component.FrameCadastroDeVacina.limpaObservacoes",,1,,0
Private Method,"br.udesc.ceavi.pin.infosaude.view.component.FrameCadastroDeVacina.limpaVacinaNome",,1,,0
Public Method,"br.udesc.ceavi.pin.infosaude.view.component.FrameCadastroDeVacina.removePublicoAlvo",,4,,2
Public Class,"br.udesc.ceavi.pin.infosaude.view.component.MenuJPaneUniversao",1,17,1,1
Public Constructor,"br.udesc.ceavi.pin.infosaude.view.component.MenuJPaneUniversao.MenuJPaneUniversao",,1,,0
Private Class,"br.udesc.ceavi.pin.infosaude.view.component.MenuJPaneUniversao.MouseListenner",1,6,1,0
Public Constructor,"br.udesc.ceavi.pin.infosaude.view.component.MenuJPaneUniversao.MouseListenner.MouseListenner",,1,,0
Public Method,"br.udesc.ceavi.pin.infosaude.view.component.MenuJPaneUniversao.MouseListenner.mouseClicked",,1,,0
Public Method,"br.udesc.ceavi.pin.infosaude.view.component.MenuJPaneUniversao.MouseListenner.mouseEntered",,1,,0
Public Method,"br.udesc.ceavi.pin.infosaude.view.component.MenuJPaneUniversao.MouseListenner.mouseExited",,1,,0
Public Method,"br.udesc.ceavi.pin.infosaude.view.component.MenuJPaneUniversao.MouseListenner.mousePressed",,1,,0
Public Method,"br.udesc.ceavi.pin.infosaude.view.component.MenuJPaneUniversao.MouseListenner.mouseReleased",,1,,0
Public Method,"br.udesc.ceavi.pin.infosaude.view.component.MenuJPaneUniversao.addButao",,1,,0
Private Method,"br.udesc.ceavi.pin.infosaude.view.component.MenuJPaneUniversao.initComponents",,1,,0
Public Method,"br.udesc.ceavi.pin.infosaude.view.component.MenuJPaneUniversao.initMenu",,5,,1
Public Method,"br.udesc.ceavi.pin.infosaude.view.component.MenuJPaneUniversao.menuSemUsuario",,2,,1
Public Method,"br.udesc.ceavi.pin.infosaude.view.component.MenuJPaneUniversao.menuUsuarioComum",,2,,1
Public Method,"br.udesc.ceavi.pin.infosaude.view.component.MenuJPaneUniversao.menuUsuarioInstituicao",,2,,1
Public Method,"br.udesc.ceavi.pin.infosaude.view.component.MenuJPaneUniversao.menuUsuarioProfissional",,2,,1
Public Method,"br.udesc.ceavi.pin.infosaude.view.component.MenuJPaneUniversao.removerMenu",,1,,0
Package,"br.udesc.ceavi.pin.infosaude.view.component.campoDeAcao",2,231,13,5
Public Class,"br.udesc.ceavi.pin.infosaude.view.component.campoDeAcao.InternalFrameCadastrarInstituicao",1,13,1,1
Public Constructor,"br.udesc.ceavi.pin.infosaude.view.component.campoDeAcao.InternalFrameCadastrarInstituicao.InternalFrameCadastrarInstituicao",,2,,1
Private Method,"br.udesc.ceavi.pin.infosaude.view.component.campoDeAcao.InternalFrameCadastrarInstituicao.btnCadastrarActionPerformed",,4,,1
Private Method,"br.udesc.ceavi.pin.infosaude.view.component.campoDeAcao.InternalFrameCadastrarInstituicao.btnValidarCNPJActionPerformed",,1,,0
Private Method,"br.udesc.ceavi.pin.infosaude.view.component.campoDeAcao.InternalFrameCadastrarInstituicao.btnValidarLoginActionPerformed",,1,,0
Private Method,"br.udesc.ceavi.pin.infosaude.view.component.campoDeAcao.InternalFrameCadastrarInstituicao.initComponents",,3,,0
Class,"br.udesc.ceavi.pin.infosaude.view.component.campoDeAcao.InternalFrameCadastrarInstituicao.initComponents.(Anon_1)",1,1,1,0
Public Method,"br.udesc.ceavi.pin.infosaude.view.component.campoDeAcao.InternalFrameCadastrarInstituicao.initComponents.(Anon_1).actionPerformed",,1,,0
Class,"br.udesc.ceavi.pin.infosaude.view.component.campoDeAcao.InternalFrameCadastrarInstituicao.initComponents.(Anon_2)",1,1,1,0
Public Method,"br.udesc.ceavi.pin.infosaude.view.component.campoDeAcao.InternalFrameCadastrarInstituicao.initComponents.(Anon_2).actionPerformed",,1,,0
Class,"br.udesc.ceavi.pin.infosaude.view.component.campoDeAcao.InternalFrameCadastrarInstituicao.initComponents.(Anon_3)",1,1,1,0
Public Method,"br.udesc.ceavi.pin.infosaude.view.component.campoDeAcao.InternalFrameCadastrarInstituicao.initComponents.(Anon_3).actionPerformed",,1,,0
Class,"br.udesc.ceavi.pin.infosaude.view.component.campoDeAcao.InternalFrameCadastrarInstituicao.initComponents.(Anon_4)",1,1,1,0
Public Method,"br.udesc.ceavi.pin.infosaude.view.component.campoDeAcao.InternalFrameCadastrarInstituicao.initComponents.(Anon_4).actionPerformed",,1,,0
Class,"br.udesc.ceavi.pin.infosaude.view.component.campoDeAcao.InternalFrameCadastrarInstituicao.initComponents.(Anon_5)",1,1,1,0
Public Method,"br.udesc.ceavi.pin.infosaude.view.component.campoDeAcao.InternalFrameCadastrarInstituicao.initComponents.(Anon_5).actionPerformed",,1,,0
Private Method,"br.udesc.ceavi.pin.infosaude.view.component.campoDeAcao.InternalFrameCadastrarInstituicao.jComboBox1ActionPerformed",,1,,0
Private Method,"br.udesc.ceavi.pin.infosaude.view.component.campoDeAcao.InternalFrameCadastrarInstituicao.tfCidadeActionPerformed",,1,,0
Public Class,"br.udesc.ceavi.pin.infosaude.view.component.campoDeAcao.InternalFrameCadastrarPessoa",2,25,7,3
Public Constructor,"br.udesc.ceavi.pin.infosaude.view.component.campoDeAcao.InternalFrameCadastrarPessoa.InternalFrameCadastrarPessoa",,2,,1
Private Method,"br.udesc.ceavi.pin.infosaude.view.component.campoDeAcao.InternalFrameCadastrarPessoa.btnCadastrarActionPerformed",,8,,1
Private Method,"br.udesc.ceavi.pin.infosaude.view.component.campoDeAcao.InternalFrameCadastrarPessoa.btnValidarLoginActionPerformed",,5,,3
Public Method,"br.udesc.ceavi.pin.infosaude.view.component.campoDeAcao.InternalFrameCadastrarPessoa.getRolagemSize",,1,,0
Public Method,"br.udesc.ceavi.pin.infosaude.view.component.campoDeAcao.InternalFrameCadastrarPessoa.getjPanel1",,1,,0
Private Method,"br.udesc.ceavi.pin.infosaude.view.component.campoDeAcao.InternalFrameCadastrarPessoa.initComponents",,5,,0
Class,"br.udesc.ceavi.pin.infosaude.view.component.campoDeAcao.InternalFrameCadastrarPessoa.initComponents.(Anon_1)",1,1,1,0
Public Method,"br.udesc.ceavi.pin.infosaude.view.component.campoDeAcao.InternalFrameCadastrarPessoa.initComponents.(Anon_1).actionPerformed",,1,,0
Class,"br.udesc.ceavi.pin.infosaude.view.component.campoDeAcao.InternalFrameCadastrarPessoa.initComponents.(Anon_2)",1,1,1,0
Public Method,"br.udesc.ceavi.pin.infosaude.view.component.campoDeAcao.InternalFrameCadastrarPessoa.initComponents.(Anon_2).actionPerformed",,1,,0
Class,"br.udesc.ceavi.pin.infosaude.view.component.campoDeAcao.InternalFrameCadastrarPessoa.initComponents.(Anon_3)",1,1,1,0
Public Method,"br.udesc.ceavi.pin.infosaude.view.component.campoDeAcao.InternalFrameCadastrarPessoa.initComponents.(Anon_3).actionPerformed",,1,,0
Class,"br.udesc.ceavi.pin.infosaude.view.component.campoDeAcao.InternalFrameCadastrarPessoa.initComponents.(Anon_4)",1,1,1,0
Public Method,"br.udesc.ceavi.pin.infosaude.view.component.campoDeAcao.InternalFrameCadastrarPessoa.initComponents.(Anon_4).actionPerformed",,1,,0
Class,"br.udesc.ceavi.pin.infosaude.view.component.campoDeAcao.InternalFrameCadastrarPessoa.initComponents.(Anon_5)",1,1,1,0
Public Method,"br.udesc.ceavi.pin.infosaude.view.component.campoDeAcao.InternalFrameCadastrarPessoa.initComponents.(Anon_5).actionPerformed",,1,,0
Private Method,"br.udesc.ceavi.pin.infosaude.view.component.campoDeAcao.InternalFrameCadastrarPessoa.jComboBox1ActionPerformed",,1,,0
Private Method,"br.udesc.ceavi.pin.infosaude.view.component.campoDeAcao.InternalFrameCadastrarPessoa.tfCidadeActionPerformed",,1,,0
Private Method,"br.udesc.ceavi.pin.infosaude.view.component.campoDeAcao.InternalFrameCadastrarPessoa.tfTelefoneActionPerformed",,1,,0
Public Class,"br.udesc.ceavi.pin.infosaude.view.component.campoDeAcao.InternalFrameCampanha",3,13,7,1
Public Constructor,"br.udesc.ceavi.pin.infosaude.view.component.campoDeAcao.InternalFrameCampanha.InternalFrameCampanha",,3,,1
Public Method,"br.udesc.ceavi.pin.infosaude.view.component.campoDeAcao.InternalFrameCampanha.addCampanha",,2,,1
Public Method,"br.udesc.ceavi.pin.infosaude.view.component.campoDeAcao.InternalFrameCampanha.equals",,7,,1
Private Method,"br.udesc.ceavi.pin.infosaude.view.component.campoDeAcao.InternalFrameCampanha.initComponents",,1,,0
Public Class,"br.udesc.ceavi.pin.infosaude.view.component.campoDeAcao.InternalFrameDadosPessoais",8,70,13,5
Public Constructor,"br.udesc.ceavi.pin.infosaude.view.component.campoDeAcao.InternalFrameDadosPessoais.InternalFrameDadosPessoais",,9,,2
Private Method,"br.udesc.ceavi.pin.infosaude.view.component.campoDeAcao.InternalFrameDadosPessoais.atualiza",,15,,2
Private Method,"br.udesc.ceavi.pin.infosaude.view.component.campoDeAcao.InternalFrameDadosPessoais.btAlterarActionPerformed",,11,,5
Private Method,"br.udesc.ceavi.pin.infosaude.view.component.campoDeAcao.InternalFrameDadosPessoais.btCancelarActionPerformed",,1,,0
Private Method,"br.udesc.ceavi.pin.infosaude.view.component.campoDeAcao.InternalFrameDadosPessoais.comparaObjetos",,14,,1
Private Method,"br.udesc.ceavi.pin.infosaude.view.component.campoDeAcao.InternalFrameDadosPessoais.initComponents",,6,,0
Class,"br.udesc.ceavi.pin.infosaude.view.component.campoDeAcao.InternalFrameDadosPessoais.initComponents.(Anon_1)",1,1,1,0
Public Method,"br.udesc.ceavi.pin.infosaude.view.component.campoDeAcao.InternalFrameDadosPessoais.initComponents.(Anon_1).actionPerformed",,1,,0
Class,"br.udesc.ceavi.pin.infosaude.view.component.campoDeAcao.InternalFrameDadosPessoais.initComponents.(Anon_2)",1,1,1,0
Public Method,"br.udesc.ceavi.pin.infosaude.view.component.campoDeAcao.InternalFrameDadosPessoais.initComponents.(Anon_2).actionPerformed",,1,,0
Class,"br.udesc.ceavi.pin.infosaude.view.component.campoDeAcao.InternalFrameDadosPessoais.initComponents.(Anon_3)",1,1,1,0
Public Method,"br.udesc.ceavi.pin.infosaude.view.component.campoDeAcao.InternalFrameDadosPessoais.initComponents.(Anon_3).actionPerformed",,1,,0
Private Method,"br.udesc.ceavi.pin.infosaude.view.component.campoDeAcao.InternalFrameDadosPessoais.tfDataNascimentoActionPerformed",,1,,0
Private Method,"br.udesc.ceavi.pin.infosaude.view.component.campoDeAcao.InternalFrameDadosPessoais.verificaCamposVazios",,13,,1
Public Class,"br.udesc.ceavi.pin.infosaude.view.component.campoDeAcao.InternalFrameLancamentoDeRelatorio",2,15,1,1
Public Constructor,"br.udesc.ceavi.pin.infosaude.view.component.campoDeAcao.InternalFrameLancamentoDeRelatorio.InternalFrameLancamentoDeRelatorio",,1,,0
Private Method,"br.udesc.ceavi.pin.infosaude.view.component.campoDeAcao.InternalFrameLancamentoDeRelatorio.btnEscolhaRelacotioActionPerformed",,3,,1
Private Method,"br.udesc.ceavi.pin.infosaude.view.component.campoDeAcao.InternalFrameLancamentoDeRelatorio.btnExecutarRelatorioActionPerformed",,1,,0
Private Method,"br.udesc.ceavi.pin.infosaude.view.component.campoDeAcao.InternalFrameLancamentoDeRelatorio.cbRelatioActionPerformed",,7,,0
Class,"br.udesc.ceavi.pin.infosaude.view.component.campoDeAcao.InternalFrameLancamentoDeRelatorio.cbRelatioActionPerformed.(Anon_4)",1,1,1,0
Public Method,"br.udesc.ceavi.pin.infosaude.view.component.campoDeAcao.InternalFrameLancamentoDeRelatorio.cbRelatioActionPerformed.(Anon_4).actionPerformed",,1,,0
Private Method,"br.udesc.ceavi.pin.infosaude.view.component.campoDeAcao.InternalFrameLancamentoDeRelatorio.initComponents",,2,,1
Class,"br.udesc.ceavi.pin.infosaude.view.component.campoDeAcao.InternalFrameLancamentoDeRelatorio.initComponents.(Anon_1)",1,1,1,0
Public Method,"br.udesc.ceavi.pin.infosaude.view.component.campoDeAcao.InternalFrameLancamentoDeRelatorio.initComponents.(Anon_1).actionPerformed",,1,,0
Class,"br.udesc.ceavi.pin.infosaude.view.component.campoDeAcao.InternalFrameLancamentoDeRelatorio.initComponents.(Anon_2)",1,1,1,0
Public Method,"br.udesc.ceavi.pin.infosaude.view.component.campoDeAcao.InternalFrameLancamentoDeRelatorio.initComponents.(Anon_2).actionPerformed",,1,,0
Class,"br.udesc.ceavi.pin.infosaude.view.component.campoDeAcao.InternalFrameLancamentoDeRelatorio.initComponents.(Anon_3)",1,2,1,0
Public Method,"br.udesc.ceavi.pin.infosaude.view.component.campoDeAcao.InternalFrameLancamentoDeRelatorio.initComponents.(Anon_3).getColumnClass",,1,,0
Public Method,"br.udesc.ceavi.pin.infosaude.view.component.campoDeAcao.InternalFrameLancamentoDeRelatorio.initComponents.(Anon_3).isCellEditable",,1,,0
Public Method,"br.udesc.ceavi.pin.infosaude.view.component.campoDeAcao.InternalFrameLancamentoDeRelatorio.selecionaIndex",,1,,0
Public Class,"br.udesc.ceavi.pin.infosaude.view.component.campoDeAcao.InternalFrameLancamentoDeVacina",2,28,4,2
Public Constructor,"br.udesc.ceavi.pin.infosaude.view.component.campoDeAcao.InternalFrameLancamentoDeVacina.InternalFrameLancamentoDeVacina",,1,,0
Private Method,"br.udesc.ceavi.pin.infosaude.view.component.campoDeAcao.InternalFrameLancamentoDeVacina.btnAddCampanhaActionPerformed",,4,,2
Private Method,"br.udesc.ceavi.pin.infosaude.view.component.campoDeAcao.InternalFrameLancamentoDeVacina.btnBuscar_UsuarioActionPerformed",,4,,1
Private Method,"br.udesc.ceavi.pin.infosaude.view.component.campoDeAcao.InternalFrameLancamentoDeVacina.btnBuscar_VacinaActionPerformed",,6,,2
Private Method,"br.udesc.ceavi.pin.infosaude.view.component.campoDeAcao.InternalFrameLancamentoDeVacina.btnCadastarVacinaActionPerformed",,1,,0
Private Method,"br.udesc.ceavi.pin.infosaude.view.component.campoDeAcao.InternalFrameLancamentoDeVacina.btnRemoveCampanhaActionPerformed",,1,,0
Private Method,"br.udesc.ceavi.pin.infosaude.view.component.campoDeAcao.InternalFrameLancamentoDeVacina.btnValidar_ProfissionalActionPerformed",,4,,2
Public Method,"br.udesc.ceavi.pin.infosaude.view.component.campoDeAcao.InternalFrameLancamentoDeVacina.buscaCPF",,1,,0
Private Method,"br.udesc.ceavi.pin.infosaude.view.component.campoDeAcao.InternalFrameLancamentoDeVacina.initComponents",,2,,0
Class,"br.udesc.ceavi.pin.infosaude.view.component.campoDeAcao.InternalFrameLancamentoDeVacina.initComponents.(Anon_1)",1,1,1,0
Public Method,"br.udesc.ceavi.pin.infosaude.view.component.campoDeAcao.InternalFrameLancamentoDeVacina.initComponents.(Anon_1).actionPerformed",,1,,0
Class,"br.udesc.ceavi.pin.infosaude.view.component.campoDeAcao.InternalFrameLancamentoDeVacina.initComponents.(Anon_2)",1,1,1,0
Public Method,"br.udesc.ceavi.pin.infosaude.view.component.campoDeAcao.InternalFrameLancamentoDeVacina.initComponents.(Anon_2).actionPerformed",,1,,0
Class,"br.udesc.ceavi.pin.infosaude.view.component.campoDeAcao.InternalFrameLancamentoDeVacina.initComponents.(Anon_3)",1,1,1,0
Public Method,"br.udesc.ceavi.pin.infosaude.view.component.campoDeAcao.InternalFrameLancamentoDeVacina.initComponents.(Anon_3).actionPerformed",,1,,0
Class,"br.udesc.ceavi.pin.infosaude.view.component.campoDeAcao.InternalFrameLancamentoDeVacina.initComponents.(Anon_4)",1,1,1,0
Public Method,"br.udesc.ceavi.pin.infosaude.view.component.campoDeAcao.InternalFrameLancamentoDeVacina.initComponents.(Anon_4).actionPerformed",,1,,0
Class,"br.udesc.ceavi.pin.infosaude.view.component.campoDeAcao.InternalFrameLancamentoDeVacina.initComponents.(Anon_5)",1,1,1,0
Public Method,"br.udesc.ceavi.pin.infosaude.view.component.campoDeAcao.InternalFrameLancamentoDeVacina.initComponents.(Anon_5).actionPerformed",,1,,0
Class,"br.udesc.ceavi.pin.infosaude.view.component.campoDeAcao.InternalFrameLancamentoDeVacina.initComponents.(Anon_6)",1,1,1,0
Public Method,"br.udesc.ceavi.pin.infosaude.view.component.campoDeAcao.InternalFrameLancamentoDeVacina.initComponents.(Anon_6).actionPerformed",,1,,0
Class,"br.udesc.ceavi.pin.infosaude.view.component.campoDeAcao.InternalFrameLancamentoDeVacina.initComponents.(Anon_7)",1,1,1,0
Public Method,"br.udesc.ceavi.pin.infosaude.view.component.campoDeAcao.InternalFrameLancamentoDeVacina.initComponents.(Anon_7).actionPerformed",,1,,0
Class,"br.udesc.ceavi.pin.infosaude.view.component.campoDeAcao.InternalFrameLancamentoDeVacina.initComponents.(Anon_8)",1,1,1,0
Public Method,"br.udesc.ceavi.pin.infosaude.view.component.campoDeAcao.InternalFrameLancamentoDeVacina.initComponents.(Anon_8).actionPerformed",,1,,0
Private Method,"br.udesc.ceavi.pin.infosaude.view.component.campoDeAcao.InternalFrameLancamentoDeVacina.jButton5ActionPerformed",,3,,2
Private Method,"br.udesc.ceavi.pin.infosaude.view.component.campoDeAcao.InternalFrameLancamentoDeVacina.tfCPFActionPerformed",,1,,0
Public Class,"br.udesc.ceavi.pin.infosaude.view.component.campoDeAcao.InternalFrameLogin",1,18,3,2
Public Constructor,"br.udesc.ceavi.pin.infosaude.view.component.campoDeAcao.InternalFrameLogin.InternalFrameLogin",,1,,0
Private Method,"br.udesc.ceavi.pin.infosaude.view.component.campoDeAcao.InternalFrameLogin.addPanel",,1,,0
Private Method,"br.udesc.ceavi.pin.infosaude.view.component.campoDeAcao.InternalFrameLogin.btnLoginActionPerformed",,5,,2
Private Method,"br.udesc.ceavi.pin.infosaude.view.component.campoDeAcao.InternalFrameLogin.btnRecuperarSenhaActionPerformed",,1,,0
Private Method,"br.udesc.ceavi.pin.infosaude.view.component.campoDeAcao.InternalFrameLogin.btnRegistarActionPerformed",,1,,0
Private Method,"br.udesc.ceavi.pin.infosaude.view.component.campoDeAcao.InternalFrameLogin.initComponents",,1,,0
Class,"br.udesc.ceavi.pin.infosaude.view.component.campoDeAcao.InternalFrameLogin.initComponents.(Anon_1)",1,1,1,0
Public Method,"br.udesc.ceavi.pin.infosaude.view.component.campoDeAcao.InternalFrameLogin.initComponents.(Anon_1).actionPerformed",,1,,0
Class,"br.udesc.ceavi.pin.infosaude.view.component.campoDeAcao.InternalFrameLogin.initComponents.(Anon_2)",1,1,1,0
Public Method,"br.udesc.ceavi.pin.infosaude.view.component.campoDeAcao.InternalFrameLogin.initComponents.(Anon_2).actionPerformed",,1,,0
Class,"br.udesc.ceavi.pin.infosaude.view.component.campoDeAcao.InternalFrameLogin.initComponents.(Anon_3)",1,2,1,0
Public Method,"br.udesc.ceavi.pin.infosaude.view.component.campoDeAcao.InternalFrameLogin.initComponents.(Anon_3).focusGained",,1,,0
Public Method,"br.udesc.ceavi.pin.infosaude.view.component.campoDeAcao.InternalFrameLogin.initComponents.(Anon_3).focusLost",,1,,0
Class,"br.udesc.ceavi.pin.infosaude.view.component.campoDeAcao.InternalFrameLogin.initComponents.(Anon_4)",1,1,1,0
Public Method,"br.udesc.ceavi.pin.infosaude.view.component.campoDeAcao.InternalFrameLogin.initComponents.(Anon_4).actionPerformed",,1,,0
Public Method,"br.udesc.ceavi.pin.infosaude.view.component.campoDeAcao.InternalFrameLogin.setMaximumSizeFrame",,1,,0
Public Method,"br.udesc.ceavi.pin.infosaude.view.component.campoDeAcao.InternalFrameLogin.setMinimumSizeFrame",,1,,0
Public Method,"br.udesc.ceavi.pin.infosaude.view.component.campoDeAcao.InternalFrameLogin.setPreferredSizeFrame",,1,,0
Public Method,"br.udesc.ceavi.pin.infosaude.view.component.campoDeAcao.InternalFrameLogin.setSizeFrame",,1,,0
Public Method,"br.udesc.ceavi.pin.infosaude.view.component.campoDeAcao.InternalFrameLogin.setSizesAltentico",,1,,0
Private Method,"br.udesc.ceavi.pin.infosaude.view.component.campoDeAcao.InternalFrameLogin.tfUsuarioFocusGained",,1,,0
Private Method,"br.udesc.ceavi.pin.infosaude.view.component.campoDeAcao.InternalFrameLogin.tfUsuarioFocusLost",,2,,1
Public Class,"br.udesc.ceavi.pin.infosaude.view.component.campoDeAcao.InternalFrameTelaInicial",1,2,1,0
Public Constructor,"br.udesc.ceavi.pin.infosaude.view.component.campoDeAcao.InternalFrameTelaInicial.InternalFrameTelaInicial",,1,,0
Private Method,"br.udesc.ceavi.pin.infosaude.view.component.campoDeAcao.InternalFrameTelaInicial.initComponents",,1,,0
Public Class,"br.udesc.ceavi.pin.infosaude.view.component.campoDeAcao.InternalFrameVacina",2,14,9,1
Public Constructor,"br.udesc.ceavi.pin.infosaude.view.component.campoDeAcao.InternalFrameVacina.InternalFrameVacina",,1,,0
Public Method,"br.udesc.ceavi.pin.infosaude.view.component.campoDeAcao.InternalFrameVacina.addVacina",,1,,0
Private Method,"br.udesc.ceavi.pin.infosaude.view.component.campoDeAcao.InternalFrameVacina.btnNaoTomadasActionPerformed",,1,,0
Private Method,"br.udesc.ceavi.pin.infosaude.view.component.campoDeAcao.InternalFrameVacina.btnTomadaActionPerformed",,1,,0
Public Method,"br.udesc.ceavi.pin.infosaude.view.component.campoDeAcao.InternalFrameVacina.equals",,9,,1
Private Method,"br.udesc.ceavi.pin.infosaude.view.component.campoDeAcao.InternalFrameVacina.initComponents",,1,,0
Class,"br.udesc.ceavi.pin.infosaude.view.component.campoDeAcao.InternalFrameVacina.initComponents.(Anon_1)",1,1,1,0
Public Method,"br.udesc.ceavi.pin.infosaude.view.component.campoDeAcao.InternalFrameVacina.initComponents.(Anon_1).actionPerformed",,1,,0
Class,"br.udesc.ceavi.pin.infosaude.view.component.campoDeAcao.InternalFrameVacina.initComponents.(Anon_2)",1,1,1,0
Public Method,"br.udesc.ceavi.pin.infosaude.view.component.campoDeAcao.InternalFrameVacina.initComponents.(Anon_2).actionPerformed",,1,,0
Package,"br.udesc.ceavi.pin.infosaude.view.frame",1,34,3,2
Public Class,"br.udesc.ceavi.pin.infosaude.view.frame.FramePrincipal",1,28,3,2
Public Constructor,"br.udesc.ceavi.pin.infosaude.view.frame.FramePrincipal.FramePrincipal",,2,,1
Public Method,"br.udesc.ceavi.pin.infosaude.view.frame.FramePrincipal.addPanel",,4,,2
Private Method,"br.udesc.ceavi.pin.infosaude.view.frame.FramePrincipal.btnSairActionPerformed",,1,,0
Private Method,"br.udesc.ceavi.pin.infosaude.view.frame.FramePrincipal.btnSairMouseEntered",,1,,0
Private Method,"br.udesc.ceavi.pin.infosaude.view.frame.FramePrincipal.btnSairMouseExited",,1,,0
Private Method,"br.udesc.ceavi.pin.infosaude.view.frame.FramePrincipal.btnSignOffLoginActionPerformed",,4,,2
Private Method,"br.udesc.ceavi.pin.infosaude.view.frame.FramePrincipal.gerenciarUsuarioLogado",,2,,1
Private Method,"br.udesc.ceavi.pin.infosaude.view.frame.FramePrincipal.initComponents",,1,,0
Class,"br.udesc.ceavi.pin.infosaude.view.frame.FramePrincipal.initComponents.(Anon_1)",1,2,1,0
Public Method,"br.udesc.ceavi.pin.infosaude.view.frame.FramePrincipal.initComponents.(Anon_1).mouseEntered",,1,,0
Public Method,"br.udesc.ceavi.pin.infosaude.view.frame.FramePrincipal.initComponents.(Anon_1).mouseExited",,1,,0
Class,"br.udesc.ceavi.pin.infosaude.view.frame.FramePrincipal.initComponents.(Anon_2)",1,1,1,0
Public Method,"br.udesc.ceavi.pin.infosaude.view.frame.FramePrincipal.initComponents.(Anon_2).actionPerformed",,1,,0
Class,"br.udesc.ceavi.pin.infosaude.view.frame.FramePrincipal.initComponents.(Anon_3)",1,2,1,0
Public Method,"br.udesc.ceavi.pin.infosaude.view.frame.FramePrincipal.initComponents.(Anon_3).focusGained",,1,,0
Public Method,"br.udesc.ceavi.pin.infosaude.view.frame.FramePrincipal.initComponents.(Anon_3).focusLost",,1,,0
Class,"br.udesc.ceavi.pin.infosaude.view.frame.FramePrincipal.initComponents.(Anon_4)",1,1,1,0
Public Method,"br.udesc.ceavi.pin.infosaude.view.frame.FramePrincipal.initComponents.(Anon_4).actionPerformed",,1,,0
Public Method,"br.udesc.ceavi.pin.infosaude.view.frame.FramePrincipal.initComponentsExtenal",,1,,0
Public Method,"br.udesc.ceavi.pin.infosaude.view.frame.FramePrincipal.setMinimunSizeFrame",,1,,0
Public Method,"br.udesc.ceavi.pin.infosaude.view.frame.FramePrincipal.setPreferredSizeFrame",,1,,0
Public Method,"br.udesc.ceavi.pin.infosaude.view.frame.FramePrincipal.setSizeFrame",,1,,0
Public Method,"br.udesc.ceavi.pin.infosaude.view.frame.FramePrincipal.setSizes",,1,,0
Private Method,"br.udesc.ceavi.pin.infosaude.view.frame.FramePrincipal.tfBuscaFocusGained",,1,,0
Private Method,"br.udesc.ceavi.pin.infosaude.view.frame.FramePrincipal.tfBuscaFocusLost",,1,,0
Public Method,"br.udesc.ceavi.pin.infosaude.view.frame.FramePrincipal.tfRevalidate",,1,,0
Public Method,"br.udesc.ceavi.pin.infosaude.view.frame.FramePrincipal.tfSetBackground",,1,,0
Public Method,"br.udesc.ceavi.pin.infosaude.view.frame.FramePrincipal.tfSetBorder",,1,,0
Public Method,"br.udesc.ceavi.pin.infosaude.view.frame.FramePrincipal.tfSetText",,2,,1
Package,"br.udesc.ceavi.pin.infosaude.view.frame.listener",1,54,1,0
Public Interface,"br.udesc.ceavi.pin.infosaude.view.frame.listener.Listener",0,0,0,0
Abstract Method,"br.udesc.ceavi.pin.infosaude.view.frame.listener.Listener.addActionbtn0",,0,,0
Abstract Method,"br.udesc.ceavi.pin.infosaude.view.frame.listener.Listener.addActionbtn1",,0,,0
Abstract Method,"br.udesc.ceavi.pin.infosaude.view.frame.listener.Listener.addActionbtn2",,0,,0
Abstract Method,"br.udesc.ceavi.pin.infosaude.view.frame.listener.Listener.addActionbtn3",,0,,0
Abstract Method,"br.udesc.ceavi.pin.infosaude.view.frame.listener.Listener.addActionbtn4",,0,,0
Public Class,"br.udesc.ceavi.pin.infosaude.view.frame.listener.ListenerMenuSemUsuario",1,7,1,0
Public Constructor,"br.udesc.ceavi.pin.infosaude.view.frame.listener.ListenerMenuSemUsuario.ListenerMenuSemUsuario",,1,,0
Public Method,"br.udesc.ceavi.pin.infosaude.view.frame.listener.ListenerMenuSemUsuario.addActionbtn0",,1,,0
Public Method,"br.udesc.ceavi.pin.infosaude.view.frame.listener.ListenerMenuSemUsuario.addActionbtn1",,1,,0
Public Method,"br.udesc.ceavi.pin.infosaude.view.frame.listener.ListenerMenuSemUsuario.addActionbtn2",,1,,0
Public Method,"br.udesc.ceavi.pin.infosaude.view.frame.listener.ListenerMenuSemUsuario.addActionbtn3",,1,,0
Public Method,"br.udesc.ceavi.pin.infosaude.view.frame.listener.ListenerMenuSemUsuario.addActionbtn4",,1,,0
Private Method,"br.udesc.ceavi.pin.infosaude.view.frame.listener.ListenerMenuSemUsuario.addPanel",,1,,0
Private Class,"br.udesc.ceavi.pin.infosaude.view.frame.listener.ListenerMenuSemUsuario.btnAction0Listener",1,1,1,0
Public Method,"br.udesc.ceavi.pin.infosaude.view.frame.listener.ListenerMenuSemUsuario.btnAction0Listener.actionPerformed",,1,,0
Private Class,"br.udesc.ceavi.pin.infosaude.view.frame.listener.ListenerMenuSemUsuario.btnAction1Listener",1,1,1,0
Public Method,"br.udesc.ceavi.pin.infosaude.view.frame.listener.ListenerMenuSemUsuario.btnAction1Listener.actionPerformed",,1,,0
Private Class,"br.udesc.ceavi.pin.infosaude.view.frame.listener.ListenerMenuSemUsuario.btnAction2Listener",1,1,1,0
Public Method,"br.udesc.ceavi.pin.infosaude.view.frame.listener.ListenerMenuSemUsuario.btnAction2Listener.actionPerformed",,1,,0
Private Class,"br.udesc.ceavi.pin.infosaude.view.frame.listener.ListenerMenuSemUsuario.btnAction3Listener",1,1,1,0
Public Method,"br.udesc.ceavi.pin.infosaude.view.frame.listener.ListenerMenuSemUsuario.btnAction3Listener.actionPerformed",,1,,0
Private Class,"br.udesc.ceavi.pin.infosaude.view.frame.listener.ListenerMenuSemUsuario.btnAction4Listener",1,1,1,0
Public Method,"br.udesc.ceavi.pin.infosaude.view.frame.listener.ListenerMenuSemUsuario.btnAction4Listener.actionPerformed",,1,,0
Public Class,"br.udesc.ceavi.pin.infosaude.view.frame.listener.ListenerMenuUsuarioComum",1,8,1,0
Public Constructor,"br.udesc.ceavi.pin.infosaude.view.frame.listener.ListenerMenuUsuarioComum.ListenerMenuUsuarioComum",,1,,0
Public Method,"br.udesc.ceavi.pin.infosaude.view.frame.listener.ListenerMenuUsuarioComum.addActionbtn0",,1,,0
Public Method,"br.udesc.ceavi.pin.infosaude.view.frame.listener.ListenerMenuUsuarioComum.addActionbtn1",,1,,0
Public Method,"br.udesc.ceavi.pin.infosaude.view.frame.listener.ListenerMenuUsuarioComum.addActionbtn2",,1,,0
Public Method,"br.udesc.ceavi.pin.infosaude.view.frame.listener.ListenerMenuUsuarioComum.addActionbtn3",,1,,0
Public Method,"br.udesc.ceavi.pin.infosaude.view.frame.listener.ListenerMenuUsuarioComum.addActionbtn4",,1,,0
Public Method,"br.udesc.ceavi.pin.infosaude.view.frame.listener.ListenerMenuUsuarioComum.addActionbtn5",,1,,0
Private Method,"br.udesc.ceavi.pin.infosaude.view.frame.listener.ListenerMenuUsuarioComum.addPanel",,1,,0
Private Class,"br.udesc.ceavi.pin.infosaude.view.frame.listener.ListenerMenuUsuarioComum.btn0AcitionListener",1,1,1,0
Public Method,"br.udesc.ceavi.pin.infosaude.view.frame.listener.ListenerMenuUsuarioComum.btn0AcitionListener.actionPerformed",,1,,0
Private Class,"br.udesc.ceavi.pin.infosaude.view.frame.listener.ListenerMenuUsuarioComum.btn1AcitionListener",1,1,1,0
Public Method,"br.udesc.ceavi.pin.infosaude.view.frame.listener.ListenerMenuUsuarioComum.btn1AcitionListener.actionPerformed",,1,,0
Private Class,"br.udesc.ceavi.pin.infosaude.view.frame.listener.ListenerMenuUsuarioComum.btn2AcitionListener",1,1,1,0
Public Method,"br.udesc.ceavi.pin.infosaude.view.frame.listener.ListenerMenuUsuarioComum.btn2AcitionListener.actionPerformed",,1,,0
Private Class,"br.udesc.ceavi.pin.infosaude.view.frame.listener.ListenerMenuUsuarioComum.btn3AcitionListener",1,1,1,0
Public Method,"br.udesc.ceavi.pin.infosaude.view.frame.listener.ListenerMenuUsuarioComum.btn3AcitionListener.actionPerformed",,1,,0
Private Class,"br.udesc.ceavi.pin.infosaude.view.frame.listener.ListenerMenuUsuarioComum.btn4AcitionListener",1,1,1,0
Public Method,"br.udesc.ceavi.pin.infosaude.view.frame.listener.ListenerMenuUsuarioComum.btn4AcitionListener.actionPerformed",,1,,0
Private Class,"br.udesc.ceavi.pin.infosaude.view.frame.listener.ListenerMenuUsuarioComum.btnAcitionListener",1,1,1,0
Public Method,"br.udesc.ceavi.pin.infosaude.view.frame.listener.ListenerMenuUsuarioComum.btnAcitionListener.actionPerformed",,1,,0
Public Class,"br.udesc.ceavi.pin.infosaude.view.frame.listener.ListenerMenuUsuarioIntituicao",1,8,1,0
Public Constructor,"br.udesc.ceavi.pin.infosaude.view.frame.listener.ListenerMenuUsuarioIntituicao.ListenerMenuUsuarioIntituicao",,1,,0
Public Method,"br.udesc.ceavi.pin.infosaude.view.frame.listener.ListenerMenuUsuarioIntituicao.addActionbtn0",,1,,0
Public Method,"br.udesc.ceavi.pin.infosaude.view.frame.listener.ListenerMenuUsuarioIntituicao.addActionbtn1",,1,,0
Public Method,"br.udesc.ceavi.pin.infosaude.view.frame.listener.ListenerMenuUsuarioIntituicao.addActionbtn2",,1,,0
Public Method,"br.udesc.ceavi.pin.infosaude.view.frame.listener.ListenerMenuUsuarioIntituicao.addActionbtn3",,1,,0
Public Method,"br.udesc.ceavi.pin.infosaude.view.frame.listener.ListenerMenuUsuarioIntituicao.addActionbtn4",,1,,0
Public Method,"br.udesc.ceavi.pin.infosaude.view.frame.listener.ListenerMenuUsuarioIntituicao.addActionbtn5",,1,,0
Private Method,"br.udesc.ceavi.pin.infosaude.view.frame.listener.ListenerMenuUsuarioIntituicao.addPanel",,1,,0
Private Class,"br.udesc.ceavi.pin.infosaude.view.frame.listener.ListenerMenuUsuarioIntituicao.btn0AcitionListener",1,1,1,0
Public Method,"br.udesc.ceavi.pin.infosaude.view.frame.listener.ListenerMenuUsuarioIntituicao.btn0AcitionListener.actionPerformed",,1,,0
Private Class,"br.udesc.ceavi.pin.infosaude.view.frame.listener.ListenerMenuUsuarioIntituicao.btn1AcitionListener",1,1,1,0
Public Method,"br.udesc.ceavi.pin.infosaude.view.frame.listener.ListenerMenuUsuarioIntituicao.btn1AcitionListener.actionPerformed",,1,,0
Private Class,"br.udesc.ceavi.pin.infosaude.view.frame.listener.ListenerMenuUsuarioIntituicao.btn2AcitionListener",1,1,1,0
Public Method,"br.udesc.ceavi.pin.infosaude.view.frame.listener.ListenerMenuUsuarioIntituicao.btn2AcitionListener.actionPerformed",,1,,0
Private Class,"br.udesc.ceavi.pin.infosaude.view.frame.listener.ListenerMenuUsuarioIntituicao.btn3AcitionListener",1,1,1,0
Public Method,"br.udesc.ceavi.pin.infosaude.view.frame.listener.ListenerMenuUsuarioIntituicao.btn3AcitionListener.actionPerformed",,1,,0
Private Class,"br.udesc.ceavi.pin.infosaude.view.frame.listener.ListenerMenuUsuarioIntituicao.btn4AcitionListener",1,1,1,0
Public Method,"br.udesc.ceavi.pin.infosaude.view.frame.listener.ListenerMenuUsuarioIntituicao.btn4AcitionListener.actionPerformed",,1,,0
Private Class,"br.udesc.ceavi.pin.infosaude.view.frame.listener.ListenerMenuUsuarioIntituicao.btn5AcitionListener",1,1,1,0
Public Method,"br.udesc.ceavi.pin.infosaude.view.frame.listener.ListenerMenuUsuarioIntituicao.btn5AcitionListener.actionPerformed",,1,,0
Public Class,"br.udesc.ceavi.pin.infosaude.view.frame.listener.ListenerMenuUsuarioProfissional",1,8,1,0
Public Constructor,"br.udesc.ceavi.pin.infosaude.view.frame.listener.ListenerMenuUsuarioProfissional.ListenerMenuUsuarioProfissional",,1,,0
Public Method,"br.udesc.ceavi.pin.infosaude.view.frame.listener.ListenerMenuUsuarioProfissional.addActionbtn0",,1,,0
Public Method,"br.udesc.ceavi.pin.infosaude.view.frame.listener.ListenerMenuUsuarioProfissional.addActionbtn1",,1,,0
Public Method,"br.udesc.ceavi.pin.infosaude.view.frame.listener.ListenerMenuUsuarioProfissional.addActionbtn2",,1,,0
Public Method,"br.udesc.ceavi.pin.infosaude.view.frame.listener.ListenerMenuUsuarioProfissional.addActionbtn3",,1,,0
Public Method,"br.udesc.ceavi.pin.infosaude.view.frame.listener.ListenerMenuUsuarioProfissional.addActionbtn4",,1,,0
Public Method,"br.udesc.ceavi.pin.infosaude.view.frame.listener.ListenerMenuUsuarioProfissional.addActionbtn5",,1,,0
Private Method,"br.udesc.ceavi.pin.infosaude.view.frame.listener.ListenerMenuUsuarioProfissional.addPanel",,1,,0
Private Class,"br.udesc.ceavi.pin.infosaude.view.frame.listener.ListenerMenuUsuarioProfissional.btn0AcitionListener",1,1,1,0
Public Method,"br.udesc.ceavi.pin.infosaude.view.frame.listener.ListenerMenuUsuarioProfissional.btn0AcitionListener.actionPerformed",,1,,0
Private Class,"br.udesc.ceavi.pin.infosaude.view.frame.listener.ListenerMenuUsuarioProfissional.btn1AcitionListener",1,1,1,0
Public Method,"br.udesc.ceavi.pin.infosaude.view.frame.listener.ListenerMenuUsuarioProfissional.btn1AcitionListener.actionPerformed",,1,,0
Private Class,"br.udesc.ceavi.pin.infosaude.view.frame.listener.ListenerMenuUsuarioProfissional.btn2AcitionListener",1,1,1,0
Public Method,"br.udesc.ceavi.pin.infosaude.view.frame.listener.ListenerMenuUsuarioProfissional.btn2AcitionListener.actionPerformed",,1,,0
Private Class,"br.udesc.ceavi.pin.infosaude.view.frame.listener.ListenerMenuUsuarioProfissional.btn3AcitionListener",1,1,1,0
Public Method,"br.udesc.ceavi.pin.infosaude.view.frame.listener.ListenerMenuUsuarioProfissional.btn3AcitionListener.actionPerformed",,1,,0
Private Class,"br.udesc.ceavi.pin.infosaude.view.frame.listener.ListenerMenuUsuarioProfissional.btn4AcitionListener",1,1,1,0
Public Method,"br.udesc.ceavi.pin.infosaude.view.frame.listener.ListenerMenuUsuarioProfissional.btn4AcitionListener.actionPerformed",,1,,0
Private Class,"br.udesc.ceavi.pin.infosaude.view.frame.listener.ListenerMenuUsuarioProfissional.btn5AcitionListener",1,1,1,0
Public Method,"br.udesc.ceavi.pin.infosaude.view.frame.listener.ListenerMenuUsuarioProfissional.btn5AcitionListener.actionPerformed",,1,,0
