Kind,Name,MaxInheritanceTree,CountClassDerived,CountClassBase
Public Class,"br.udesc.ceavi.pin.infosaude.control.CampanhaControl",1,0,1
Public Class,"br.udesc.ceavi.pin.infosaude.control.EnderecoControl",1,0,1
Public Class,"br.udesc.ceavi.pin.infosaude.control.InstituicaoControl",1,0,1
Public Class,"br.udesc.ceavi.pin.infosaude.control.PessoaControl",1,0,1
Public Class,"br.udesc.ceavi.pin.infosaude.control.ProfissionalControl",1,0,1
Public Class,"br.udesc.ceavi.pin.infosaude.control.PublicoAlvoControl",1,0,1
Public Class,"br.udesc.ceavi.pin.infosaude.control.UsuarioControl",1,0,1
Public Class,"br.udesc.ceavi.pin.infosaude.control.VacinaControl",1,0,1
Public Interface,"br.udesc.ceavi.pin.infosaude.control.dao.ConexaoJDBC",0,0,0
Public Class,"br.udesc.ceavi.pin.infosaude.control.dao.ConexaoPostgresJDBC",1,0,1
Public Class,"br.udesc.ceavi.pin.infosaude.control.excecpton.DadosVaziosExcepitions",2,0,1
Public Class,"br.udesc.ceavi.pin.infosaude.control.excecpton.IdadeMaximaMenorQueIdadeMinimaPublicoAlvoException",2,0,1
Public Class,"br.udesc.ceavi.pin.infosaude.control.excecpton.LoginJaRegistradoNaBaseDeDadosException",2,0,1
Public Class,"br.udesc.ceavi.pin.infosaude.modelo.Campanha",1,0,1
Public Class,"br.udesc.ceavi.pin.infosaude.modelo.Carterinha",1,0,1
Public Class,"br.udesc.ceavi.pin.infosaude.modelo.Endereco",1,0,1
Public Enum Type,"br.udesc.ceavi.pin.infosaude.modelo.Estado",1,0,1
Public Class,"br.udesc.ceavi.pin.infosaude.modelo.Instituicao",1,0,2
Public Class,"br.udesc.ceavi.pin.infosaude.modelo.Pessoa",1,2,2
Public Class,"br.udesc.ceavi.pin.infosaude.modelo.Profissional",2,0,1
Public Class,"br.udesc.ceavi.pin.infosaude.modelo.PublicoAlvo",1,0,1
Public Enum Type,"br.udesc.ceavi.pin.infosaude.modelo.Sexo",1,0,1
Public Class,"br.udesc.ceavi.pin.infosaude.modelo.Usuario",2,0,1
Public Interface,"br.udesc.ceavi.pin.infosaude.modelo.Usuario_Logado",0,2,0
Public Class,"br.udesc.ceavi.pin.infosaude.modelo.Vacina",1,0,1
Public Class,"br.udesc.ceavi.pin.infosaude.principal.Main",1,0,2
Public Class,"br.udesc.ceavi.pin.infosaude.util.CNPJ",1,0,1
Public Class,"br.udesc.ceavi.pin.infosaude.util.CPF",1,0,1
Public Class,"br.udesc.ceavi.pin.infosaude.view.component.FrameCadastroDeCampanha",2,0,1
Class,"br.udesc.ceavi.pin.infosaude.view.component.FrameCadastroDeCampanha.initComponents.(Anon_2)",1,0,2
Class,"br.udesc.ceavi.pin.infosaude.view.component.FrameCadastroDeCampanha.listaVacina.(for_loop_2).(Anon_1)",1,0,2
Class,"br.udesc.ceavi.pin.infosaude.view.component.FrameCadastroDeCampanha.main.(Anon_3)",1,0,2
Public Class,"br.udesc.ceavi.pin.infosaude.view.component.FrameCadastroDeVacina",2,0,1
Class,"br.udesc.ceavi.pin.infosaude.view.component.FrameCadastroDeVacina.initComponents.(Anon_1)",1,0,2
Class,"br.udesc.ceavi.pin.infosaude.view.component.FrameCadastroDeVacina.initComponents.(Anon_2)",1,0,2
Class,"br.udesc.ceavi.pin.infosaude.view.component.FrameCadastroDeVacina.initComponents.(Anon_3)",1,0,2
Class,"br.udesc.ceavi.pin.infosaude.view.component.FrameCadastroDeVacina.initComponents.(Anon_4)",1,0,2
Public Class,"br.udesc.ceavi.pin.infosaude.view.component.MenuJPaneUniversao",2,0,1
Private Class,"br.udesc.ceavi.pin.infosaude.view.component.MenuJPaneUniversao.MouseListenner",1,0,2
Public Class,"br.udesc.ceavi.pin.infosaude.view.component.campoDeAcao.InternalFrameCadastrarInstituicao",2,0,1
Class,"br.udesc.ceavi.pin.infosaude.view.component.campoDeAcao.InternalFrameCadastrarInstituicao.initComponents.(Anon_1)",1,0,2
Class,"br.udesc.ceavi.pin.infosaude.view.component.campoDeAcao.InternalFrameCadastrarInstituicao.initComponents.(Anon_2)",1,0,2
Class,"br.udesc.ceavi.pin.infosaude.view.component.campoDeAcao.InternalFrameCadastrarInstituicao.initComponents.(Anon_3)",1,0,2
Class,"br.udesc.ceavi.pin.infosaude.view.component.campoDeAcao.InternalFrameCadastrarInstituicao.initComponents.(Anon_4)",1,0,2
Class,"br.udesc.ceavi.pin.infosaude.view.component.campoDeAcao.InternalFrameCadastrarInstituicao.initComponents.(Anon_5)",1,0,2
Public Class,"br.udesc.ceavi.pin.infosaude.view.component.campoDeAcao.InternalFrameCadastrarPessoa",2,0,1
Class,"br.udesc.ceavi.pin.infosaude.view.component.campoDeAcao.InternalFrameCadastrarPessoa.initComponents.(Anon_1)",1,0,2
Class,"br.udesc.ceavi.pin.infosaude.view.component.campoDeAcao.InternalFrameCadastrarPessoa.initComponents.(Anon_2)",1,0,2
Class,"br.udesc.ceavi.pin.infosaude.view.component.campoDeAcao.InternalFrameCadastrarPessoa.initComponents.(Anon_3)",1,0,2
Class,"br.udesc.ceavi.pin.infosaude.view.component.campoDeAcao.InternalFrameCadastrarPessoa.initComponents.(Anon_4)",1,0,2
Class,"br.udesc.ceavi.pin.infosaude.view.component.campoDeAcao.InternalFrameCadastrarPessoa.initComponents.(Anon_5)",1,0,2
Public Class,"br.udesc.ceavi.pin.infosaude.view.component.campoDeAcao.InternalFrameCampanha",2,0,1
Public Class,"br.udesc.ceavi.pin.infosaude.view.component.campoDeAcao.InternalFrameDadosPessoais",2,0,1
Class,"br.udesc.ceavi.pin.infosaude.view.component.campoDeAcao.InternalFrameDadosPessoais.initComponents.(Anon_1)",1,0,2
Class,"br.udesc.ceavi.pin.infosaude.view.component.campoDeAcao.InternalFrameDadosPessoais.initComponents.(Anon_2)",1,0,2
Class,"br.udesc.ceavi.pin.infosaude.view.component.campoDeAcao.InternalFrameDadosPessoais.initComponents.(Anon_3)",1,0,2
Public Class,"br.udesc.ceavi.pin.infosaude.view.component.campoDeAcao.InternalFrameLancamentoDeRelatorio",2,0,1
Class,"br.udesc.ceavi.pin.infosaude.view.component.campoDeAcao.InternalFrameLancamentoDeRelatorio.cbRelatioActionPerformed.(Anon_4)",1,0,2
Class,"br.udesc.ceavi.pin.infosaude.view.component.campoDeAcao.InternalFrameLancamentoDeRelatorio.initComponents.(Anon_1)",1,0,2
Class,"br.udesc.ceavi.pin.infosaude.view.component.campoDeAcao.InternalFrameLancamentoDeRelatorio.initComponents.(Anon_2)",1,0,2
Class,"br.udesc.ceavi.pin.infosaude.view.component.campoDeAcao.InternalFrameLancamentoDeRelatorio.initComponents.(Anon_3)",1,0,2
Public Class,"br.udesc.ceavi.pin.infosaude.view.component.campoDeAcao.InternalFrameLancamentoDeVacina",2,0,1
Class,"br.udesc.ceavi.pin.infosaude.view.component.campoDeAcao.InternalFrameLancamentoDeVacina.initComponents.(Anon_1)",1,0,2
Class,"br.udesc.ceavi.pin.infosaude.view.component.campoDeAcao.InternalFrameLancamentoDeVacina.initComponents.(Anon_2)",1,0,2
Class,"br.udesc.ceavi.pin.infosaude.view.component.campoDeAcao.InternalFrameLancamentoDeVacina.initComponents.(Anon_3)",1,0,2
Class,"br.udesc.ceavi.pin.infosaude.view.component.campoDeAcao.InternalFrameLancamentoDeVacina.initComponents.(Anon_4)",1,0,2
Class,"br.udesc.ceavi.pin.infosaude.view.component.campoDeAcao.InternalFrameLancamentoDeVacina.initComponents.(Anon_5)",1,0,2
Class,"br.udesc.ceavi.pin.infosaude.view.component.campoDeAcao.InternalFrameLancamentoDeVacina.initComponents.(Anon_6)",1,0,2
Class,"br.udesc.ceavi.pin.infosaude.view.component.campoDeAcao.InternalFrameLancamentoDeVacina.initComponents.(Anon_7)",1,0,2
Class,"br.udesc.ceavi.pin.infosaude.view.component.campoDeAcao.InternalFrameLancamentoDeVacina.initComponents.(Anon_8)",1,0,2
Public Class,"br.udesc.ceavi.pin.infosaude.view.component.campoDeAcao.InternalFrameLogin",2,0,1
Class,"br.udesc.ceavi.pin.infosaude.view.component.campoDeAcao.InternalFrameLogin.initComponents.(Anon_1)",1,0,2
Class,"br.udesc.ceavi.pin.infosaude.view.component.campoDeAcao.InternalFrameLogin.initComponents.(Anon_2)",1,0,2
Class,"br.udesc.ceavi.pin.infosaude.view.component.campoDeAcao.InternalFrameLogin.initComponents.(Anon_3)",1,0,2
Class,"br.udesc.ceavi.pin.infosaude.view.component.campoDeAcao.InternalFrameLogin.initComponents.(Anon_4)",1,0,2
Public Class,"br.udesc.ceavi.pin.infosaude.view.component.campoDeAcao.InternalFrameTelaInicial",2,0,1
Public Class,"br.udesc.ceavi.pin.infosaude.view.component.campoDeAcao.InternalFrameVacina",2,0,1
Class,"br.udesc.ceavi.pin.infosaude.view.component.campoDeAcao.InternalFrameVacina.initComponents.(Anon_1)",1,0,2
Class,"br.udesc.ceavi.pin.infosaude.view.component.campoDeAcao.InternalFrameVacina.initComponents.(Anon_2)",1,0,2
Public Class,"br.udesc.ceavi.pin.infosaude.view.frame.FramePrincipal",2,0,1
Class,"br.udesc.ceavi.pin.infosaude.view.frame.FramePrincipal.initComponents.(Anon_1)",1,0,2
Class,"br.udesc.ceavi.pin.infosaude.view.frame.FramePrincipal.initComponents.(Anon_2)",1,0,2
Class,"br.udesc.ceavi.pin.infosaude.view.frame.FramePrincipal.initComponents.(Anon_3)",1,0,2
Class,"br.udesc.ceavi.pin.infosaude.view.frame.FramePrincipal.initComponents.(Anon_4)",1,0,2
Public Interface,"br.udesc.ceavi.pin.infosaude.view.frame.listener.Listener",0,4,0
Public Class,"br.udesc.ceavi.pin.infosaude.view.frame.listener.ListenerMenuSemUsuario",1,0,2
Private Class,"br.udesc.ceavi.pin.infosaude.view.frame.listener.ListenerMenuSemUsuario.btnAction0Listener",1,0,2
Private Class,"br.udesc.ceavi.pin.infosaude.view.frame.listener.ListenerMenuSemUsuario.btnAction1Listener",1,0,2
Private Class,"br.udesc.ceavi.pin.infosaude.view.frame.listener.ListenerMenuSemUsuario.btnAction2Listener",1,0,2
Private Class,"br.udesc.ceavi.pin.infosaude.view.frame.listener.ListenerMenuSemUsuario.btnAction3Listener",1,0,2
Private Class,"br.udesc.ceavi.pin.infosaude.view.frame.listener.ListenerMenuSemUsuario.btnAction4Listener",1,0,2
Public Class,"br.udesc.ceavi.pin.infosaude.view.frame.listener.ListenerMenuUsuarioComum",1,0,2
Private Class,"br.udesc.ceavi.pin.infosaude.view.frame.listener.ListenerMenuUsuarioComum.btn0AcitionListener",1,0,2
Private Class,"br.udesc.ceavi.pin.infosaude.view.frame.listener.ListenerMenuUsuarioComum.btn1AcitionListener",1,0,2
Private Class,"br.udesc.ceavi.pin.infosaude.view.frame.listener.ListenerMenuUsuarioComum.btn2AcitionListener",1,0,2
Private Class,"br.udesc.ceavi.pin.infosaude.view.frame.listener.ListenerMenuUsuarioComum.btn3AcitionListener",1,0,2
Private Class,"br.udesc.ceavi.pin.infosaude.view.frame.listener.ListenerMenuUsuarioComum.btn4AcitionListener",1,0,2
Private Class,"br.udesc.ceavi.pin.infosaude.view.frame.listener.ListenerMenuUsuarioComum.btnAcitionListener",1,0,2
Public Class,"br.udesc.ceavi.pin.infosaude.view.frame.listener.ListenerMenuUsuarioIntituicao",1,0,2
Private Class,"br.udesc.ceavi.pin.infosaude.view.frame.listener.ListenerMenuUsuarioIntituicao.btn0AcitionListener",1,0,2
Private Class,"br.udesc.ceavi.pin.infosaude.view.frame.listener.ListenerMenuUsuarioIntituicao.btn1AcitionListener",1,0,2
Private Class,"br.udesc.ceavi.pin.infosaude.view.frame.listener.ListenerMenuUsuarioIntituicao.btn2AcitionListener",1,0,2
Private Class,"br.udesc.ceavi.pin.infosaude.view.frame.listener.ListenerMenuUsuarioIntituicao.btn3AcitionListener",1,0,2
Private Class,"br.udesc.ceavi.pin.infosaude.view.frame.listener.ListenerMenuUsuarioIntituicao.btn4AcitionListener",1,0,2
Private Class,"br.udesc.ceavi.pin.infosaude.view.frame.listener.ListenerMenuUsuarioIntituicao.btn5AcitionListener",1,0,2
Public Class,"br.udesc.ceavi.pin.infosaude.view.frame.listener.ListenerMenuUsuarioProfissional",1,0,2
Private Class,"br.udesc.ceavi.pin.infosaude.view.frame.listener.ListenerMenuUsuarioProfissional.btn0AcitionListener",1,0,2
Private Class,"br.udesc.ceavi.pin.infosaude.view.frame.listener.ListenerMenuUsuarioProfissional.btn1AcitionListener",1,0,2
Private Class,"br.udesc.ceavi.pin.infosaude.view.frame.listener.ListenerMenuUsuarioProfissional.btn2AcitionListener",1,0,2
Private Class,"br.udesc.ceavi.pin.infosaude.view.frame.listener.ListenerMenuUsuarioProfissional.btn3AcitionListener",1,0,2
Private Class,"br.udesc.ceavi.pin.infosaude.view.frame.listener.ListenerMenuUsuarioProfissional.btn4AcitionListener",1,0,2
Private Class,"br.udesc.ceavi.pin.infosaude.view.frame.listener.ListenerMenuUsuarioProfissional.btn5AcitionListener",1,0,2
